Network;NetType;ESSID;BSSID;Info;Channel;Cloaked;Encryption;Decrypted;MaxRate;MaxSeenRate;Beacon;LLC;Data;Crypt;Weak;Total;Carrier;Encoding;FirstTime;LastTime;BestQuality;BestSignal;BestNoise;GPSMinLat;GPSMinLon;GPSMinAlt;GPSMinSpd;GPSMaxLat;GPSMaxLon;GPSMaxAlt;GPSMaxSpd;GPSBestLat;GPSBestLon;GPSBestAlt;DataSize;IPType;IP;
1;infrastructure;YRDSB-A;A8:BD:27:E9:39:00;;1;No;WPA2,AES-CCM;No;260.0;0;423;0;0;0;0;0;;;Mon Jan  8 12:06:11 2024;Mon Jan  8 12:15:23 2024;-87;0;0;0.000000;0.000000;0.000000;0.000000;0.000000;0.000000;0.000000;0.000000;0.000000;0.000000;0.000000;0;0;0.0.0.0;
2;infrastructure;YRDSB-S;A8:BD:27:E9:3C:81;;1;No;WPA2,AES-CCM;No;260.0;0;185;0;918;0;0;918;;;Mon Jan  8 12:06:11 2024;Mon Jan  8 12:15:24 2024;-88;0;0;0.000000;0.000000;0.000000;0.000000;0.000000;0.000000;0.000000;0.000000;0.000000;0.000000;0.000000;0;0;0.0.0.0;
3;infrastructure;YRDSB-S;A8:BD:27:E9:39:01;;1;No;WPA2,AES-CCM;No;260.0;0;445;0;190;0;0;190;;;Mon Jan  8 12:06:11 2024;Mon Jan  8 12:15:23 2024;-86;0;0;0.000000;0.000000;0.000000;0.000000;0.000000;0.000000;0.000000;0.000000;0.000000;0.000000;0.000000;0;0;0.0.0.0;
4;infrastructure;YRDSB-Guest;A8:BD:27:E9:39:02;;1;No;OPN,None;No;260.0;0;436;0;0;0;0;0;;;Mon Jan  8 12:06:11 2024;Mon Jan  8 12:15:23 2024;-86;0;0;0.000000;0.000000;0.000000;0.000000;0.000000;0.000000;0.000000;0.000000;0.000000;0.000000;0.000000;0;0;0.0.0.0;
5;infrastructure;;A8:BD:27:E9:39:03;;1;No;WPA2,AES-CCM;No;260.0;0;453;0;0;0;0;0;;;Mon Jan  8 12:06:11 2024;Mon Jan  8 12:15:24 2024;-88;0;0;0.000000;0.000000;0.000000;0.000000;0.000000;0.000000;0.000000;0.000000;0.000000;0.000000;0.000000;0;0;0.0.0.0;
6;infrastructure;YRDSB-Guest;70:3A:0E:5D:FA:E2;;11;No;OPN,None;No;260.0;0;775;0;0;0;0;0;;;Mon Jan  8 12:06:12 2024;Mon Jan  8 12:15:25 2024;-83;0;0;0.000000;0.000000;0.000000;0.000000;0.000000;0.000000;0.000000;0.000000;0.000000;0.000000;0.000000;0;0;0.0.0.0;
7;infrastructure;;A8:BD:27:E9:39:C3;;1;No;WPA2,AES-CCM;No;260.0;0;82;0;0;0;0;0;;;Mon Jan  8 12:06:12 2024;Mon Jan  8 12:14:09 2024;-91;0;0;0.000000;0.000000;0.000000;0.000000;0.000000;0.000000;0.000000;0.000000;0.000000;0.000000;0.000000;0;0;0.0.0.0;
8;infrastructure;YRDSB-A;A8:BD:27:D4:49:20;;6;No;WPA2,AES-CCM;No;260.0;0;424;0;2;0;0;2;;;Mon Jan  8 12:06:12 2024;Mon Jan  8 12:15:23 2024;-89;0;0;0.000000;0.000000;0.000000;0.000000;0.000000;0.000000;0.000000;0.000000;0.000000;0.000000;0.000000;0;0;0.0.0.0;
9;infrastructure;YRDSB-S;A8:BD:27:D4:49:21;;6;No;WPA2,AES-CCM;No;260.0;0;440;0;702;0;0;702;;;Mon Jan  8 12:06:12 2024;Mon Jan  8 12:15:25 2024;-88;0;0;0.000000;0.000000;0.000000;0.000000;0.000000;0.000000;0.000000;0.000000;0.000000;0.000000;0.000000;0;0;0.0.0.0;
10;infrastructure;;A8:BD:27:E9:3C:83;;1;No;WPA2,AES-CCM;No;260.0;0;214;0;0;0;0;0;;;Mon Jan  8 12:06:12 2024;Mon Jan  8 12:15:23 2024;-90;0;0;0.000000;0.000000;0.000000;0.000000;0.000000;0.000000;0.000000;0.000000;0.000000;0.000000;0.000000;0;0;0.0.0.0;
11;infrastructure;YRDSB-A;A8:BD:27:E9:39:C0;;1;No;WPA2,AES-CCM;No;260.0;0;13;0;0;0;0;0;;;Mon Jan  8 12:06:12 2024;Mon Jan  8 12:12:55 2024;-86;0;0;0.000000;0.000000;0.000000;0.000000;0.000000;0.000000;0.000000;0.000000;0.000000;0.000000;0.000000;0;0;0.0.0.0;
12;infrastructure;YRDSB-S;A8:BD:27:E9:39:C1;;1;No;WPA2,AES-CCM;No;260.0;0;29;0;126;0;0;126;;;Mon Jan  8 12:06:12 2024;Mon Jan  8 12:14:21 2024;-89;0;0;0.000000;0.000000;0.000000;0.000000;0.000000;0.000000;0.000000;0.000000;0.000000;0.000000;0.000000;0;0;0.0.0.0;
13;infrastructure;YRDSB-Guest;70:3A:0E:5E:00:E2;;11;No;OPN,None;No;260.0;0;858;0;0;0;0;0;;;Mon Jan  8 12:06:13 2024;Mon Jan  8 12:15:25 2024;-78;0;0;0.000000;0.000000;0.000000;0.000000;0.000000;0.000000;0.000000;0.000000;0.000000;0.000000;0.000000;0;0;0.0.0.0;
14;infrastructure;;70:3A:0E:5E:00:E3;;11;No;WPA2,AES-CCM;No;260.0;0;880;0;0;0;0;0;;;Mon Jan  8 12:06:13 2024;Mon Jan  8 12:15:25 2024;-76;0;0;0.000000;0.000000;0.000000;0.000000;0.000000;0.000000;0.000000;0.000000;0.000000;0.000000;0.000000;0;0;0.0.0.0;
15;infrastructure;YRDSB-A;70:3A:0E:5E:00:E0;;11;No;WPA2,AES-CCM;No;260.0;0;851;0;0;0;0;0;;;Mon Jan  8 12:06:13 2024;Mon Jan  8 12:15:25 2024;-77;0;0;0.000000;0.000000;0.000000;0.000000;0.000000;0.000000;0.000000;0.000000;0.000000;0.000000;0.000000;0;0;0.0.0.0;
16;infrastructure;YRDSB-S;70:3A:0E:5E:00:E1;;11;No;WPA2,AES-CCM;No;260.0;0;848;0;133;0;0;133;;;Mon Jan  8 12:06:13 2024;Mon Jan  8 12:15:25 2024;-78;0;0;0.000000;0.000000;0.000000;0.000000;0.000000;0.000000;0.000000;0.000000;0.000000;0.000000;0.000000;0;0;0.0.0.0;
17;infrastructure;YRDSB-S;70:3A:0E:5D:FA:E1;;11;No;WPA2,AES-CCM;No;260.0;0;665;0;3090;0;0;3090;;;Mon Jan  8 12:06:13 2024;Mon Jan  8 12:15:25 2024;-82;0;0;0.000000;0.000000;0.000000;0.000000;0.000000;0.000000;0.000000;0.000000;0.000000;0.000000;0.000000;0;0;0.0.0.0;
18;infrastructure;YRDSB-S;A8:BD:27:E9:41:E1;;11;No;WPA2,OPN,AES-CCM;No;260.0;0;91;0;143;0;0;143;;;Mon Jan  8 12:06:13 2024;Mon Jan  8 12:15:25 2024;-91;0;0;0.000000;0.000000;0.000000;0.000000;0.000000;0.000000;0.000000;0.000000;0.000000;0.000000;0.000000;0;0;0.0.0.0;
19;infrastructure;YRDSB-S;A8:BD:27:E9:34:01;;6;No;WPA2,AES-CCM;No;260.0;0;1;0;62;0;0;62;;;Mon Jan  8 12:06:13 2024;Mon Jan  8 12:15:24 2024;-90;0;0;0.000000;0.000000;0.000000;0.000000;0.000000;0.000000;0.000000;0.000000;0.000000;0.000000;0.000000;0;0;0.0.0.0;
20;infrastructure;YRDSB-Guest;A8:BD:27:E9:41:E2;;11;No;OPN,None;No;260.0;0;95;0;0;0;0;0;;;Mon Jan  8 12:06:13 2024;Mon Jan  8 12:14:48 2024;-90;0;0;0.000000;0.000000;0.000000;0.000000;0.000000;0.000000;0.000000;0.000000;0.000000;0.000000;0.000000;0;0;0.0.0.0;
21;infrastructure;;A8:BD:27:E9:41:E3;;11;No;WPA2,AES-CCM;No;260.0;0;88;0;0;0;0;0;;;Mon Jan  8 12:06:13 2024;Mon Jan  8 12:15:00 2024;-92;0;0;0.000000;0.000000;0.000000;0.000000;0.000000;0.000000;0.000000;0.000000;0.000000;0.000000;0.000000;0;0;0.0.0.0;
22;infrastructure;YRDSB-Guest;A8:BD:27:D4:49:22;;6;No;OPN,None;No;260.0;0;473;0;0;0;0;0;;;Mon Jan  8 12:06:14 2024;Mon Jan  8 12:15:23 2024;-88;0;0;0.000000;0.000000;0.000000;0.000000;0.000000;0.000000;0.000000;0.000000;0.000000;0.000000;0.000000;0;0;0.0.0.0;
23;infrastructure;;A8:BD:27:D4:49:23;;6;No;WPA2,AES-CCM;No;260.0;0;482;0;0;0;0;0;;;Mon Jan  8 12:06:14 2024;Mon Jan  8 12:15:23 2024;-89;0;0;0.000000;0.000000;0.000000;0.000000;0.000000;0.000000;0.000000;0.000000;0.000000;0.000000;0.000000;0;0;0.0.0.0;
24;infrastructure;YRDSB-S;A8:BD:27:D4:41:01;;11;No;WPA2,AES-CCM;No;260.0;0;447;0;0;0;0;0;;;Mon Jan  8 12:06:14 2024;Mon Jan  8 12:15:25 2024;-87;0;0;0.000000;0.000000;0.000000;0.000000;0.000000;0.000000;0.000000;0.000000;0.000000;0.000000;0.000000;0;0;0.0.0.0;
25;infrastructure;YRDSB-Guest;A8:BD:27:E9:3C:82;;1;No;OPN,None;No;260.0;0;185;0;72;0;0;72;;;Mon Jan  8 12:06:14 2024;Mon Jan  8 12:15:24 2024;-90;0;0;0.000000;0.000000;0.000000;0.000000;0.000000;0.000000;0.000000;0.000000;0.000000;0.000000;0.000000;0;0;10.180.201.3;
26;infrastructure;YRDSB-A;70:3A:0E:5D:E6:80;;1;No;WPA2,AES-CCM;No;260.0;0;229;0;0;0;0;0;;;Mon Jan  8 12:06:14 2024;Mon Jan  8 12:15:23 2024;-89;0;0;0.000000;0.000000;0.000000;0.000000;0.000000;0.000000;0.000000;0.000000;0.000000;0.000000;0.000000;0;0;0.0.0.0;
27;infrastructure;YRDSB-S;70:3A:0E:5D:E6:81;;1;No;WPA2,AES-CCM;No;260.0;0;247;0;20;0;0;20;;;Mon Jan  8 12:06:14 2024;Mon Jan  8 12:15:07 2024;-89;0;0;0.000000;0.000000;0.000000;0.000000;0.000000;0.000000;0.000000;0.000000;0.000000;0.000000;0.000000;0;0;0.0.0.0;
28;infrastructure;YRDSB-Guest;70:3A:0E:5D:E6:82;;1;No;OPN,None;No;260.0;0;227;0;0;0;0;0;;;Mon Jan  8 12:06:14 2024;Mon Jan  8 12:15:08 2024;-92;0;0;0.000000;0.000000;0.000000;0.000000;0.000000;0.000000;0.000000;0.000000;0.000000;0.000000;0.000000;0;0;0.0.0.0;
29;infrastructure;;70:3A:0E:5D:E6:83;;1;No;WPA2,AES-CCM;No;260.0;0;192;0;0;0;0;0;;;Mon Jan  8 12:06:14 2024;Mon Jan  8 12:15:23 2024;-89;0;0;0.000000;0.000000;0.000000;0.000000;0.000000;0.000000;0.000000;0.000000;0.000000;0.000000;0.000000;0;0;0.0.0.0;
30;infrastructure;;70:3A:0E:5D:F3:83;;6;No;WPA2,AES-CCM;No;260.0;0;231;0;0;0;0;0;;;Mon Jan  8 12:06:14 2024;Mon Jan  8 12:15:19 2024;-89;0;0;0.000000;0.000000;0.000000;0.000000;0.000000;0.000000;0.000000;0.000000;0.000000;0.000000;0.000000;0;0;0.0.0.0;
31;infrastructure;;A8:BD:27:E9:5B:21;;6;No;WPA,None;No;-1.0;0;0;0;6;0;0;6;;;Mon Jan  8 12:06:14 2024;Mon Jan  8 12:14:45 2024;-1;0;0;0.000000;0.000000;0.000000;0.000000;0.000000;0.000000;0.000000;0.000000;0.000000;0.000000;0.000000;0;0;0.0.0.0;
32;infrastructure;;70:3A:0E:5D:FA:E3;;11;No;WPA2,AES-CCM;No;260.0;0;837;0;0;0;0;0;;;Mon Jan  8 12:06:14 2024;Mon Jan  8 12:15:25 2024;-81;0;0;0.000000;0.000000;0.000000;0.000000;0.000000;0.000000;0.000000;0.000000;0.000000;0.000000;0.000000;0;0;0.0.0.0;
33;infrastructure;;A8:BD:27:E9:44:61;;11;No;None;No;-1.0;0;0;0;0;0;0;0;;;Mon Jan  8 12:06:14 2024;Mon Jan  8 12:15:08 2024;-1;0;0;0.000000;0.000000;0.000000;0.000000;0.000000;0.000000;0.000000;0.000000;0.000000;0.000000;0.000000;0;0;0.0.0.0;
34;infrastructure;YRDSB-A;70:3A:0E:5D:FA:E0;;11;No;WPA2,AES-CCM;No;260.0;0;221;0;0;0;0;0;;;Mon Jan  8 12:06:15 2024;Mon Jan  8 12:15:25 2024;-81;0;0;0.000000;0.000000;0.000000;0.000000;0.000000;0.000000;0.000000;0.000000;0.000000;0.000000;0.000000;0;0;0.0.0.0;
35;infrastructure;;00:25:00:FF:94:73;;6;No;OPN,None;No;-1.0;0;0;0;10;0;0;10;;;Mon Jan  8 12:06:15 2024;Mon Jan  8 12:15:21 2024;-1;0;0;0.000000;0.000000;0.000000;0.000000;0.000000;0.000000;0.000000;0.000000;0.000000;0.000000;0.000000;0;0;0.0.0.0;
36;infrastructure;YRDSB-A;70:3A:0E:5D:F3:80;;6;No;WPA2,AES-CCM;No;260.0;0;190;0;0;0;0;0;;;Mon Jan  8 12:06:15 2024;Mon Jan  8 12:15:23 2024;-88;0;0;0.000000;0.000000;0.000000;0.000000;0.000000;0.000000;0.000000;0.000000;0.000000;0.000000;0.000000;0;0;0.0.0.0;
37;infrastructure;YRDSB-A;A8:BD:27:E9:41:E0;;11;No;WPA2,AES-CCM;No;260.0;0;94;0;0;0;0;0;;;Mon Jan  8 12:06:15 2024;Mon Jan  8 12:15:05 2024;-90;0;0;0.000000;0.000000;0.000000;0.000000;0.000000;0.000000;0.000000;0.000000;0.000000;0.000000;0.000000;0;0;0.0.0.0;
38;infrastructure;YRDSB-Guest;A8:BD:27:D4:41:02;;11;No;OPN,None;No;260.0;0;322;0;0;0;0;0;;;Mon Jan  8 12:06:15 2024;Mon Jan  8 12:15:25 2024;-87;0;0;0.000000;0.000000;0.000000;0.000000;0.000000;0.000000;0.000000;0.000000;0.000000;0.000000;0.000000;0;0;0.0.0.0;
39;infrastructure;YRDSB-S;A8:BD:27:D4:40:81;;6;No;WPA2,AES-CCM;No;260.0;0;1;0;13;0;0;13;;;Mon Jan  8 12:06:16 2024;Mon Jan  8 12:15:23 2024;-89;0;0;0.000000;0.000000;0.000000;0.000000;0.000000;0.000000;0.000000;0.000000;0.000000;0.000000;0.000000;0;0;0.0.0.0;
40;infrastructure;YRDSB-A;A8:BD:27:D4:41:00;;11;No;WPA2,AES-CCM;No;260.0;0;455;0;0;0;0;0;;;Mon Jan  8 12:06:16 2024;Mon Jan  8 12:15:25 2024;-87;0;0;0.000000;0.000000;0.000000;0.000000;0.000000;0.000000;0.000000;0.000000;0.000000;0.000000;0.000000;0;0;0.0.0.0;
41;infrastructure;YRDSB-S;70:3A:0E:5D:F3:81;;6;No;WPA2,AES-CCM;No;260.0;0;210;0;0;0;0;0;;;Mon Jan  8 12:06:16 2024;Mon Jan  8 12:15:23 2024;-89;0;0;0.000000;0.000000;0.000000;0.000000;0.000000;0.000000;0.000000;0.000000;0.000000;0.000000;0.000000;0;0;0.0.0.0;
42;infrastructure;YRDSB-Guest;70:3A:0E:5D:F3:82;;6;No;OPN,None;No;260.0;0;202;0;1;0;0;1;;;Mon Jan  8 12:06:16 2024;Mon Jan  8 12:15:24 2024;-86;0;0;0.000000;0.000000;0.000000;0.000000;0.000000;0.000000;0.000000;0.000000;0.000000;0.000000;0.000000;0;0;10.180.200.75;
43;infrastructure;YRDSB-Guest;A8:BD:27:D4:40:62;;6;No;OPN,None;No;260.0;0;92;0;0;0;0;0;;;Mon Jan  8 12:06:16 2024;Mon Jan  8 12:14:13 2024;-89;0;0;0.000000;0.000000;0.000000;0.000000;0.000000;0.000000;0.000000;0.000000;0.000000;0.000000;0.000000;0;0;0.0.0.0;
44;infrastructure;;70:3A:0E:5E:0B:C1;;11;No;WPA,None;No;-1.0;0;0;0;8;0;0;8;;;Mon Jan  8 12:06:17 2024;Mon Jan  8 12:15:17 2024;-1;0;0;0.000000;0.000000;0.000000;0.000000;0.000000;0.000000;0.000000;0.000000;0.000000;0.000000;0.000000;0;0;0.0.0.0;
45;infrastructure;;A8:BD:27:E9:34:02;;6;No;OPN,None;No;-1.0;0;0;0;7;0;0;7;;;Mon Jan  8 12:06:21 2024;Mon Jan  8 12:15:16 2024;-1;0;0;0.000000;0.000000;0.000000;0.000000;0.000000;0.000000;0.000000;0.000000;0.000000;0.000000;0.000000;0;0;10.180.200.75;
46;infrastructure;YRDSB-S;A8:BD:27:D4:40:61;;6;No;WPA2,AES-CCM;No;260.0;0;70;0;34;0;0;34;;;Mon Jan  8 12:06:21 2024;Mon Jan  8 12:14:40 2024;-87;0;0;0.000000;0.000000;0.000000;0.000000;0.000000;0.000000;0.000000;0.000000;0.000000;0.000000;0.000000;0;0;0.0.0.0;
47;infrastructure;YRDSB-A;A8:BD:27:E9:3C:80;;1;No;WPA2,AES-CCM;No;260.0;0;169;0;0;0;0;0;;;Mon Jan  8 12:06:22 2024;Mon Jan  8 12:15:25 2024;-90;0;0;0.000000;0.000000;0.000000;0.000000;0.000000;0.000000;0.000000;0.000000;0.000000;0.000000;0.000000;0;0;0.0.0.0;
48;infrastructure;YRDSB-A;A8:BD:27:D4:40:60;;6;No;WPA2,AES-CCM;No;260.0;0;78;0;0;0;0;0;;;Mon Jan  8 12:06:26 2024;Mon Jan  8 12:14:13 2024;-91;0;0;0.000000;0.000000;0.000000;0.000000;0.000000;0.000000;0.000000;0.000000;0.000000;0.000000;0.000000;0;0;0.0.0.0;
49;infrastructure;YRDSB-S;70:3A:0E:5D:E3:A1;;6;No;WPA2,AES-CCM;No;260.0;0;10;0;7;0;0;7;;;Mon Jan  8 12:06:26 2024;Mon Jan  8 12:15:21 2024;-92;0;0;0.000000;0.000000;0.000000;0.000000;0.000000;0.000000;0.000000;0.000000;0.000000;0.000000;0.000000;0;0;0.0.0.0;
50;infrastructure;;A8:BD:27:D4:40:63;;6;No;WPA2,AES-CCM;No;260.0;0;85;0;0;0;0;0;;;Mon Jan  8 12:06:26 2024;Mon Jan  8 12:14:09 2024;-90;0;0;0.000000;0.000000;0.000000;0.000000;0.000000;0.000000;0.000000;0.000000;0.000000;0.000000;0.000000;0;0;0.0.0.0;
51;infrastructure;;70:3A:0E:5D:E8:E1;;6;No;OPN,None;No;-1.0;0;0;0;12;0;0;12;;;Mon Jan  8 12:06:26 2024;Mon Jan  8 12:15:22 2024;-1;0;0;0.000000;0.000000;0.000000;0.000000;0.000000;0.000000;0.000000;0.000000;0.000000;0.000000;0.000000;0;0;0.0.0.0;
52;infrastructure;YRDSB-Guest;A8:BD:27:E9:39:C2;;1;No;OPN,None;No;260.0;0;71;0;0;0;0;0;;;Mon Jan  8 12:06:27 2024;Mon Jan  8 12:12:57 2024;-90;0;0;0.000000;0.000000;0.000000;0.000000;0.000000;0.000000;0.000000;0.000000;0.000000;0.000000;0.000000;0;0;0.0.0.0;
53;infrastructure;YRDSB-S;A8:BD:27:D4:30:81;;1;No;WPA2,AES-CCM;No;260.0;0;4;0;0;0;0;0;;;Mon Jan  8 12:06:28 2024;Mon Jan  8 12:14:43 2024;-88;0;0;0.000000;0.000000;0.000000;0.000000;0.000000;0.000000;0.000000;0.000000;0.000000;0.000000;0.000000;0;0;0.0.0.0;
54;infrastructure;YRDSB-A;A8:BD:27:D4:30:80;;1;No;WPA2,AES-CCM;No;260.0;0;24;0;0;0;0;0;;;Mon Jan  8 12:06:28 2024;Mon Jan  8 12:14:43 2024;-91;0;0;0.000000;0.000000;0.000000;0.000000;0.000000;0.000000;0.000000;0.000000;0.000000;0.000000;0.000000;0;0;0.0.0.0;
55;infrastructure;;A8:BD:27:E9:87:61;;6;No;None;No;-1.0;0;0;0;0;0;0;0;;;Mon Jan  8 12:06:30 2024;Mon Jan  8 12:13:40 2024;-1;0;0;0.000000;0.000000;0.000000;0.000000;0.000000;0.000000;0.000000;0.000000;0.000000;0.000000;0.000000;0;0;0.0.0.0;
56;infrastructure;YRDSB-Guest;A8:BD:27:D4:30:82;;1;No;OPN,None;No;260.0;0;6;0;0;0;0;0;;;Mon Jan  8 12:06:30 2024;Mon Jan  8 12:15:08 2024;-76;0;0;0.000000;0.000000;0.000000;0.000000;0.000000;0.000000;0.000000;0.000000;0.000000;0.000000;0.000000;0;0;0.0.0.0;
57;infrastructure;;A8:BD:27:D4:44:A1;;1;No;WPA,None;No;-1.0;0;0;0;1112;0;0;1112;;;Mon Jan  8 12:06:34 2024;Mon Jan  8 12:14:56 2024;-1;0;0;0.000000;0.000000;0.000000;0.000000;0.000000;0.000000;0.000000;0.000000;0.000000;0.000000;0.000000;0;0;0.0.0.0;
58;infrastructure;YRDSB-S;A8:BD:27:E9:48:61;;1;No;OPN,None;No;-1.0;0;0;0;9;0;0;9;;;Mon Jan  8 12:06:42 2024;Mon Jan  8 12:15:24 2024;-1;0;0;0.000000;0.000000;0.000000;0.000000;0.000000;0.000000;0.000000;0.000000;0.000000;0.000000;0.000000;0;0;0.0.0.0;
59;infrastructure;YRDSB-Guest;70:3A:0E:5D:E9:82;;11;No;OPN,None;No;260.0;0;31;0;1;0;0;1;;;Mon Jan  8 12:06:45 2024;Mon Jan  8 12:14:21 2024;-89;0;0;0.000000;0.000000;0.000000;0.000000;0.000000;0.000000;0.000000;0.000000;0.000000;0.000000;0.000000;0;0;10.243.107.180;
60;infrastructure;;70:3A:0E:5D:F1:21;;11;No;None;No;-1.0;0;0;0;0;0;0;0;;;Mon Jan  8 12:06:50 2024;Mon Jan  8 12:14:42 2024;-1;0;0;0.000000;0.000000;0.000000;0.000000;0.000000;0.000000;0.000000;0.000000;0.000000;0.000000;0.000000;0;0;0.0.0.0;
61;infrastructure;;A8:BD:27:E9:48:62;;1;No;None;No;-1.0;0;0;0;0;0;0;0;;;Mon Jan  8 12:07:01 2024;Mon Jan  8 12:14:38 2024;-1;0;0;0.000000;0.000000;0.000000;0.000000;0.000000;0.000000;0.000000;0.000000;0.000000;0.000000;0.000000;0;0;0.0.0.0;
62;infrastructure;;A8:BD:27:E9:48:60;;1;No;OPN,None;No;-1.0;0;0;0;1;0;0;1;;;Mon Jan  8 12:07:04 2024;Mon Jan  8 12:07:16 2024;-1;0;0;0.000000;0.000000;0.000000;0.000000;0.000000;0.000000;0.000000;0.000000;0.000000;0.000000;0.000000;0;0;0.0.0.0;
63;infrastructure;;70:3A:0E:5D:E3:A3;;6;No;WPA2,AES-CCM;No;260.0;0;7;0;0;0;0;0;;;Mon Jan  8 12:07:12 2024;Mon Jan  8 12:13:47 2024;-91;0;0;0.000000;0.000000;0.000000;0.000000;0.000000;0.000000;0.000000;0.000000;0.000000;0.000000;0.000000;0;0;0.0.0.0;
64;infrastructure;;00:00:00:00:00:00;;1;No;None;No;-1.0;0;0;0;0;0;0;0;;;Mon Jan  8 12:07:20 2024;Mon Jan  8 12:15:13 2024;-1;0;0;0.000000;0.000000;0.000000;0.000000;0.000000;0.000000;0.000000;0.000000;0.000000;0.000000;0.000000;0;0;0.0.0.0;
65;infrastructure;YRDSB-S;70:3A:0E:5D:E9:81;;11;No;WPA2,AES-CCM;No;260.0;0;1;0;427;0;0;427;;;Mon Jan  8 12:07:20 2024;Mon Jan  8 12:15:25 2024;-89;0;0;0.000000;0.000000;0.000000;0.000000;0.000000;0.000000;0.000000;0.000000;0.000000;0.000000;0.000000;0;0;0.0.0.0;
66;infrastructure;;A8:BD:27:D4:4D:81;;-1;No;None;No;-1.0;0;0;0;0;0;0;0;;;Mon Jan  8 12:07:33 2024;Mon Jan  8 12:07:35 2024;-1;0;0;0.000000;0.000000;0.000000;0.000000;0.000000;0.000000;0.000000;0.000000;0.000000;0.000000;0.000000;0;0;0.0.0.0;
67;infrastructure;YRDSB-A;70:3A:0E:5D:E9:80;;11;No;WPA2,AES-CCM;No;260.0;0;0;0;0;0;0;0;;;Mon Jan  8 12:08:07 2024;Mon Jan  8 12:14:21 2024;-89;0;0;0.000000;0.000000;0.000000;0.000000;0.000000;0.000000;0.000000;0.000000;0.000000;0.000000;0.000000;0;0;0.0.0.0;
68;infrastructure;;70:3A:0E:5D:E9:83;;11;No;WPA2,AES-CCM;No;260.0;0;42;0;0;0;0;0;;;Mon Jan  8 12:08:07 2024;Mon Jan  8 12:14:20 2024;-91;0;0;0.000000;0.000000;0.000000;0.000000;0.000000;0.000000;0.000000;0.000000;0.000000;0.000000;0.000000;0;0;0.0.0.0;
69;infrastructure;;A8:BD:27:D4:41:03;;11;No;WPA2,AES-CCM;No;260.0;0;123;0;0;0;0;0;;;Mon Jan  8 12:08:09 2024;Mon Jan  8 12:15:25 2024;-87;0;0;0.000000;0.000000;0.000000;0.000000;0.000000;0.000000;0.000000;0.000000;0.000000;0.000000;0.000000;0;0;0.0.0.0;
70;infrastructure;;A8:BD:27:E9:44:62;;11;No;None;No;-1.0;0;0;0;0;0;0;0;;;Mon Jan  8 12:08:33 2024;Mon Jan  8 12:11:15 2024;-1;0;0;0.000000;0.000000;0.000000;0.000000;0.000000;0.000000;0.000000;0.000000;0.000000;0.000000;0.000000;0;0;0.0.0.0;
71;infrastructure;;A8:BD:27:D4:44:B2;;6;No;None;No;-1.0;0;0;0;0;0;0;0;;;Mon Jan  8 12:08:41 2024;Mon Jan  8 12:08:41 2024;-1;0;0;0.000000;0.000000;0.000000;0.000000;0.000000;0.000000;0.000000;0.000000;0.000000;0.000000;0.000000;0;0;0.0.0.0;
72;infrastructure;YRDSB-A;70:3A:0E:5D:E3:A0;;6;No;WPA2,AES-CCM;No;260.0;0;8;0;0;0;0;0;;;Mon Jan  8 12:08:47 2024;Mon Jan  8 12:13:56 2024;-91;0;0;0.000000;0.000000;0.000000;0.000000;0.000000;0.000000;0.000000;0.000000;0.000000;0.000000;0.000000;0;0;0.0.0.0;
73;infrastructure;;A8:BD:27:E9:74:A1;;11;No;WPA,None;No;-1.0;0;0;0;6;0;0;6;;;Mon Jan  8 12:08:53 2024;Mon Jan  8 12:08:58 2024;-1;0;0;0.000000;0.000000;0.000000;0.000000;0.000000;0.000000;0.000000;0.000000;0.000000;0.000000;0.000000;0;0;0.0.0.0;
74;infrastructure;YRDSB-Guest;70:3A:0E:5D:E3:A2;;6;No;OPN,None;No;260.0;0;11;0;0;0;0;0;;;Mon Jan  8 12:09:13 2024;Mon Jan  8 12:13:46 2024;-90;0;0;0.000000;0.000000;0.000000;0.000000;0.000000;0.000000;0.000000;0.000000;0.000000;0.000000;0.000000;0;0;0.0.0.0;
75;infrastructure;;A8:BD:27:E9:7E:A1;;6;No;None;No;-1.0;0;0;0;0;0;0;0;;;Mon Jan  8 12:09:13 2024;Mon Jan  8 12:09:37 2024;-1;0;0;0.000000;0.000000;0.000000;0.000000;0.000000;0.000000;0.000000;0.000000;0.000000;0.000000;0.000000;0;0;0.0.0.0;
76;infrastructure;YRDSB-Guest;A8:BD:27:D4:40:82;;6;No;OPN,None;No;260.0;0;1;0;0;0;0;0;;;Mon Jan  8 12:09:44 2024;Mon Jan  8 12:13:23 2024;-87;0;0;0.000000;0.000000;0.000000;0.000000;0.000000;0.000000;0.000000;0.000000;0.000000;0.000000;0.000000;0;0;0.0.0.0;
77;infrastructure;;A8:BD:27:D4:30:83;;1;No;WPA2,AES-CCM;No;260.0;0;2;0;0;0;0;0;;;Mon Jan  8 12:10:08 2024;Mon Jan  8 12:13:47 2024;-87;0;0;0.000000;0.000000;0.000000;0.000000;0.000000;0.000000;0.000000;0.000000;0.000000;0.000000;0.000000;0;0;0.0.0.0;
78;infrastructure;;A8:BD:27:E9:46:41;;1;No;WPA,None;No;-1.0;0;0;0;34;0;0;34;;;Mon Jan  8 12:10:36 2024;Mon Jan  8 12:10:52 2024;-1;0;0;0.000000;0.000000;0.000000;0.000000;0.000000;0.000000;0.000000;0.000000;0.000000;0.000000;0.000000;0;0;0.0.0.0;
79;infrastructure;;A8:BD:27:E9:39:11;;4;No;None;No;-1.0;0;0;0;0;0;0;0;;;Mon Jan  8 12:10:41 2024;Mon Jan  8 12:14:51 2024;-1;0;0;0.000000;0.000000;0.000000;0.000000;0.000000;0.000000;0.000000;0.000000;0.000000;0.000000;0.000000;0;0;0.0.0.0;
80;infrastructure;YRDSB-Guest;A8:BD:27:D4:44:A2;;1;No;OPN,None;No;260.0;0;0;0;0;0;0;0;;;Mon Jan  8 12:11:12 2024;Mon Jan  8 12:15:22 2024;-88;0;0;0.000000;0.000000;0.000000;0.000000;0.000000;0.000000;0.000000;0.000000;0.000000;0.000000;0.000000;0;0;0.0.0.0;
81;infrastructure;;70:3A:0E:5D:EC:01;;11;No;None;No;-1.0;0;0;0;0;0;0;0;;;Mon Jan  8 12:11:40 2024;Mon Jan  8 12:11:41 2024;-1;0;0;0.000000;0.000000;0.000000;0.000000;0.000000;0.000000;0.000000;0.000000;0.000000;0.000000;0.000000;0;0;0.0.0.0;
82;infrastructure;;70:3A:0E:5D:FA:F1;;7;No;None;No;-1.0;0;0;0;0;0;0;0;;;Mon Jan  8 12:11:52 2024;Mon Jan  8 12:14:49 2024;-1;0;0;0.000000;0.000000;0.000000;0.000000;0.000000;0.000000;0.000000;0.000000;0.000000;0.000000;0.000000;0;0;0.0.0.0;
83;infrastructure;;A8:BD:27:D4:30:91;;9;No;None;No;-1.0;0;0;0;0;0;0;0;;;Mon Jan  8 12:12:28 2024;Mon Jan  8 12:13:24 2024;-1;0;0;0.000000;0.000000;0.000000;0.000000;0.000000;0.000000;0.000000;0.000000;0.000000;0.000000;0.000000;0;0;0.0.0.0;
84;infrastructure;;70:3A:0E:5D:EF:61;;5;No;None;No;-1.0;0;0;0;0;0;0;0;;;Mon Jan  8 12:12:49 2024;Mon Jan  8 12:13:16 2024;-1;0;0;0.000000;0.000000;0.000000;0.000000;0.000000;0.000000;0.000000;0.000000;0.000000;0.000000;0.000000;0;0;0.0.0.0;
85;infrastructure;;A8:BD:27:E9:80:42;;11;No;OPN,None;No;-1.0;0;0;0;1;0;0;1;;;Mon Jan  8 12:12:51 2024;Mon Jan  8 12:15:13 2024;-1;0;0;0.000000;0.000000;0.000000;0.000000;0.000000;0.000000;0.000000;0.000000;0.000000;0.000000;0.000000;0;0;10.180.200.153;
86;infrastructure;;A8:BD:27:E9:82:41;;1;No;WPA,None;No;-1.0;0;0;0;1;0;0;1;;;Mon Jan  8 12:13:39 2024;Mon Jan  8 12:13:54 2024;-1;0;0;0.000000;0.000000;0.000000;0.000000;0.000000;0.000000;0.000000;0.000000;0.000000;0.000000;0.000000;0;0;0.0.0.0;
87;infrastructure;;A8:BD:27:E9:46:51;;11;No;None;No;-1.0;0;0;0;0;0;0;0;;;Mon Jan  8 12:14:07 2024;Mon Jan  8 12:14:07 2024;-1;0;0;0.000000;0.000000;0.000000;0.000000;0.000000;0.000000;0.000000;0.000000;0.000000;0.000000;0.000000;0;0;0.0.0.0;
88;infrastructure;;A8:BD:27:E9:80:41;;11;No;None;No;-1.0;0;0;0;0;0;0;0;;;Mon Jan  8 12:14:32 2024;Mon Jan  8 12:14:37 2024;-1;0;0;0.000000;0.000000;0.000000;0.000000;0.000000;0.000000;0.000000;0.000000;0.000000;0.000000;0.000000;0;0;0.0.0.0;
89;infrastructure;;70:3A:0E:5D:EB:E1;;11;No;None;No;-1.0;0;0;0;0;0;0;0;;;Mon Jan  8 12:15:09 2024;Mon Jan  8 12:15:09 2024;-1;0;0;0.000000;0.000000;0.000000;0.000000;0.000000;0.000000;0.000000;0.000000;0.000000;0.000000;0.000000;0;0;0.0.0.0;
90;infrastructure;;A8:BD:27:E9:73:E1;;1;No;None;No;-1.0;0;0;0;0;0;0;0;;;Mon Jan  8 12:15:13 2024;Mon Jan  8 12:15:16 2024;-1;0;0;0.000000;0.000000;0.000000;0.000000;0.000000;0.000000;0.000000;0.000000;0.000000;0.000000;0.000000;0;0;0.0.0.0;
