LocalTime, GPSTime, ESSID, BSSID, Power, Security, Latitude, Longitude, Latitude Error, Longitude Error, Type
2024-01-06 14:24:37,1900-01-00 00:00:00,,0C:AC:8A:A1:96:3D,-50, ,0.000000,0.000000,0.000,0.000,AP
2024-01-06 14:24:37,1900-01-00 00:00:00,BELL765,0C:AC:8A:A1:96:3D,-55, WPA2 ,0.000000,0.000000,0.000,0.000,AP
2024-01-06 14:24:37,1900-01-00 00:00:00,BELL765,0C:AC:8A:A1:96:3D,-50, WPA2 ,0.000000,0.000000,0.000,0.000,AP
2024-01-06 14:24:37,1900-01-00 00:00:00,BELL765,0C:AC:8A:A1:96:3D,-50, WPA2 ,0.000000,0.000000,0.000,0.000,AP
2024-01-06 14:24:37,1900-01-00 00:00:00,BELL765,0C:AC:8A:A1:96:3D,-51, WPA2 ,0.000000,0.000000,0.000,0.000,AP
2024-01-06 14:24:37,1900-01-00 00:00:00,BELL765,0C:AC:8A:A1:96:3D,-51, WPA2 ,0.000000,0.000000,0.000,0.000,AP
2024-01-06 14:24:37,1900-01-00 00:00:00,BELL765,0C:AC:8A:A1:96:3D,-52, WPA2 ,0.000000,0.000000,0.000,0.000,AP
2024-01-06 14:24:37,1900-01-00 00:00:00,BELL765,0C:AC:8A:A1:96:3D,-51, WPA2 ,0.000000,0.000000,0.000,0.000,AP
2024-01-06 14:24:37,1900-01-00 00:00:00,BELL765,0C:AC:8A:A1:96:3D,-49, WPA2 ,0.000000,0.000000,0.000,0.000,AP
2024-01-06 14:24:38,1900-01-00 00:00:00,BELL765,0C:AC:8A:A1:96:3D,-51, WPA2 ,0.000000,0.000000,0.000,0.000,AP
2024-01-06 14:24:38,1900-01-00 00:00:00,BELL765,0C:AC:8A:A1:96:3D,-51, WPA2 ,0.000000,0.000000,0.000,0.000,AP
2024-01-06 14:24:38,1900-01-00 00:00:00,BELL765,0C:AC:8A:A1:96:3D,-51, WPA2 ,0.000000,0.000000,0.000,0.000,AP
2024-01-06 14:24:38,1900-01-00 00:00:00,BELL765,0C:AC:8A:A1:96:3D,-50, WPA2 ,0.000000,0.000000,0.000,0.000,AP
2024-01-06 14:24:38,1900-01-00 00:00:00,BELL765,0C:AC:8A:A1:96:3D,-50, WPA2 ,0.000000,0.000000,0.000,0.000,AP
2024-01-06 14:24:38,1900-01-00 00:00:00,BELL765,0C:AC:8A:A1:96:3D,-50, WPA2 ,0.000000,0.000000,0.000,0.000,AP
2024-01-06 14:24:38,1900-01-00 00:00:00,BELL765,0C:AC:8A:A1:96:3D,-51, WPA2 ,0.000000,0.000000,0.000,0.000,AP
2024-01-06 14:24:38,1900-01-00 00:00:00,BELL765,0C:AC:8A:A1:96:3D,-51, WPA2 ,0.000000,0.000000,0.000,0.000,AP
2024-01-06 14:24:38,1900-01-00 00:00:00,BELL765,0C:AC:8A:A1:96:3D,-51, WPA2 ,0.000000,0.000000,0.000,0.000,AP
2024-01-06 14:24:38,1900-01-00 00:00:00,BELL765,0C:AC:8A:A1:96:3D,-50, WPA2 ,0.000000,0.000000,0.000,0.000,AP
2024-01-06 14:24:38,1900-01-00 00:00:00,BELL765,0C:AC:8A:A1:96:3D,-49, WPA2 ,0.000000,0.000000,0.000,0.000,AP
2024-01-06 14:24:39,1900-01-00 00:00:00,BELL765,0C:AC:8A:A1:96:3D,-52, WPA2 ,0.000000,0.000000,0.000,0.000,AP
2024-01-06 14:24:39,1900-01-00 00:00:00,BELL765,0C:AC:8A:A1:96:3D,-54, WPA2 ,0.000000,0.000000,0.000,0.000,AP
2024-01-06 14:24:39,1900-01-00 00:00:00,BELL765,0C:AC:8A:A1:96:3D,-48, WPA2 ,0.000000,0.000000,0.000,0.000,AP
2024-01-06 14:24:39,1900-01-00 00:00:00,BELL765,0C:AC:8A:A1:96:3D,-48, WPA2 ,0.000000,0.000000,0.000,0.000,AP
2024-01-06 14:24:39,1900-01-00 00:00:00,BELL765,0C:AC:8A:A1:96:3D,-49, WPA2 ,0.000000,0.000000,0.000,0.000,AP
2024-01-06 14:24:39,1900-01-00 00:00:00,BELL765,0C:AC:8A:A1:96:3D,-49, WPA2 ,0.000000,0.000000,0.000,0.000,AP
2024-01-06 14:24:39,1900-01-00 00:00:00,BELL765,0C:AC:8A:A1:96:3D,-49, WPA2 ,0.000000,0.000000,0.000,0.000,AP
2024-01-06 14:24:39,1900-01-00 00:00:00,BELL765,0C:AC:8A:A1:96:3D,-47, WPA2 ,0.000000,0.000000,0.000,0.000,AP
2024-01-06 14:24:39,1900-01-00 00:00:00,BELL765,0C:AC:8A:A1:96:3D,-45, WPA2 ,0.000000,0.000000,0.000,0.000,AP
2024-01-06 14:24:39,1900-01-00 00:00:00,BELL765,0C:AC:8A:A1:96:3D,-46, WPA2 ,0.000000,0.000000,0.000,0.000,AP
2024-01-06 14:24:39,1900-01-00 00:00:00,BELL765,0C:AC:8A:A1:96:3D,-46, WPA2 ,0.000000,0.000000,0.000,0.000,AP
2024-01-06 14:24:40,1900-01-00 00:00:00,BELL765,0C:AC:8A:A1:96:3D,-45, WPA2 ,0.000000,0.000000,0.000,0.000,AP
2024-01-06 14:24:40,1900-01-00 00:00:00,BELL765,0C:AC:8A:A1:96:3D,-44, WPA2 ,0.000000,0.000000,0.000,0.000,AP
2024-01-06 14:24:40,1900-01-00 00:00:00,BELL765,0C:AC:8A:A1:96:3D,-45, WPA2 ,0.000000,0.000000,0.000,0.000,AP
2024-01-06 14:24:40,1900-01-00 00:00:00,BELL765,0C:AC:8A:A1:96:3D,-44, WPA2 ,0.000000,0.000000,0.000,0.000,AP
2024-01-06 14:24:40,1900-01-00 00:00:00,BELL765,0C:AC:8A:A1:96:3D,-43, WPA2 ,0.000000,0.000000,0.000,0.000,AP
2024-01-06 14:24:40,1900-01-00 00:00:00,BELL765,0C:AC:8A:A1:96:3D,-43, WPA2 ,0.000000,0.000000,0.000,0.000,AP
2024-01-06 14:24:40,1900-01-00 00:00:00,BELL765,0C:AC:8A:A1:96:3D,-44, WPA2 ,0.000000,0.000000,0.000,0.000,AP
2024-01-06 14:24:40,1900-01-00 00:00:00,BELL765,0C:AC:8A:A1:96:3D,-42, WPA2 ,0.000000,0.000000,0.000,0.000,AP
2024-01-06 14:24:40,1900-01-00 00:00:00,BELL765,0C:AC:8A:A1:96:3D,-43, WPA2 ,0.000000,0.000000,0.000,0.000,AP
2024-01-06 14:24:40,1900-01-00 00:00:00,BELL765,0C:AC:8A:A1:96:3D,-43, WPA2 ,0.000000,0.000000,0.000,0.000,AP
2024-01-06 14:24:40,1900-01-00 00:00:00,BELL765,0C:AC:8A:A1:96:3D,-43, WPA2 ,0.000000,0.000000,0.000,0.000,AP
2024-01-06 14:24:40,1900-01-00 00:00:00,BELL765,0C:AC:8A:A1:96:3D,-44, WPA2 ,0.000000,0.000000,0.000,0.000,AP
2024-01-06 14:24:40,1900-01-00 00:00:00,BELL765,0C:AC:8A:A1:96:3D,-45, WPA2 ,0.000000,0.000000,0.000,0.000,AP
2024-01-06 14:24:40,1900-01-00 00:00:00,BELL765,0C:AC:8A:A1:96:3D,-44, WPA2 ,0.000000,0.000000,0.000,0.000,AP
2024-01-06 14:24:40,1900-01-00 00:00:00,BELL765,0C:AC:8A:A1:96:3D,-45, WPA2 ,0.000000,0.000000,0.000,0.000,AP
2024-01-06 14:24:40,1900-01-00 00:00:00,BELL765,0C:AC:8A:A1:96:3D,-45, WPA2 ,0.000000,0.000000,0.000,0.000,AP
2024-01-06 14:24:40,1900-01-00 00:00:00,BELL765,0C:AC:8A:A1:96:3D,-44, WPA2 ,0.000000,0.000000,0.000,0.000,AP
2024-01-06 14:24:40,1900-01-00 00:00:00,BELL765,0C:AC:8A:A1:96:3D,-44, WPA2 ,0.000000,0.000000,0.000,0.000,AP
2024-01-06 14:24:40,1900-01-00 00:00:00,BELL765,0C:AC:8A:A1:96:3D,-51, WPA2 ,0.000000,0.000000,0.000,0.000,AP
2024-01-06 14:24:40,1900-01-00 00:00:00,BELL765,0C:AC:8A:A1:96:3D,-48, WPA2 ,0.000000,0.000000,0.000,0.000,AP
2024-01-06 14:24:40,1900-01-00 00:00:00,BELL765,0C:AC:8A:A1:96:3D,-49, WPA2 ,0.000000,0.000000,0.000,0.000,AP
2024-01-06 14:24:40,1900-01-00 00:00:00,BELL765,0C:AC:8A:A1:96:3D,-50, WPA2 ,0.000000,0.000000,0.000,0.000,AP
2024-01-06 14:24:40,1900-01-00 00:00:00,BELL765,0C:AC:8A:A1:96:3D,-47, WPA2 ,0.000000,0.000000,0.000,0.000,AP
2024-01-06 14:24:40,1900-01-00 00:00:00,BELL765,0C:AC:8A:A1:96:3D,-47, WPA2 ,0.000000,0.000000,0.000,0.000,AP
2024-01-06 14:24:40,1900-01-00 00:00:00,BELL765,0C:AC:8A:A1:96:3D,-47, WPA2 ,0.000000,0.000000,0.000,0.000,AP
2024-01-06 14:24:40,1900-01-00 00:00:00,BELL765,0C:AC:8A:A1:96:3D,-47, WPA2 ,0.000000,0.000000,0.000,0.000,AP
2024-01-06 14:24:41,1900-01-00 00:00:00,BELL765,0C:AC:8A:A1:96:3D,-44, WPA2 ,0.000000,0.000000,0.000,0.000,AP
2024-01-06 14:24:41,1900-01-00 00:00:00,BELL765,0C:AC:8A:A1:96:3D,-47, WPA2 ,0.000000,0.000000,0.000,0.000,AP
2024-01-06 14:24:41,1900-01-00 00:00:00,BELL765,0C:AC:8A:A1:96:3D,-48, WPA2 ,0.000000,0.000000,0.000,0.000,AP
2024-01-06 14:24:41,1900-01-00 00:00:00,BELL765,0C:AC:8A:A1:96:3D,-45, WPA2 ,0.000000,0.000000,0.000,0.000,AP
2024-01-06 14:24:41,1900-01-00 00:00:00,BELL765,0C:AC:8A:A1:96:3D,-46, WPA2 ,0.000000,0.000000,0.000,0.000,AP
2024-01-06 14:24:41,1900-01-00 00:00:00,BELL765,0C:AC:8A:A1:96:3D,-50, WPA2 ,0.000000,0.000000,0.000,0.000,AP
2024-01-06 14:24:42,1900-01-00 00:00:00,BELL765,0C:AC:8A:A1:96:3D,-50, WPA2 ,0.000000,0.000000,0.000,0.000,AP
2024-01-06 14:24:43,1900-01-00 00:00:00,BELL765,0C:AC:8A:A1:96:3D,-49, WPA2 ,0.000000,0.000000,0.000,0.000,AP
2024-01-06 14:24:43,1900-01-00 00:00:00,BELL765,0C:AC:8A:A1:96:3D,-49, WPA2 ,0.000000,0.000000,0.000,0.000,AP
2024-01-06 14:24:44,1900-01-00 00:00:00,BELL765,0C:AC:8A:A1:96:3D,-48, WPA2 ,0.000000,0.000000,0.000,0.000,AP
2024-01-06 14:24:45,1900-01-00 00:00:00,BELL765,0C:AC:8A:A1:96:3D,-48, WPA2 ,0.000000,0.000000,0.000,0.000,AP
2024-01-06 14:24:45,1900-01-00 00:00:00,BELL765,0C:AC:8A:A1:96:3D,-48, WPA2 ,0.000000,0.000000,0.000,0.000,AP
2024-01-06 14:24:45,1900-01-00 00:00:00,BELL765,0C:AC:8A:A1:96:3D,-47, WPA2 ,0.000000,0.000000,0.000,0.000,AP
2024-01-06 14:24:45,1900-01-00 00:00:00,BELL765,0C:AC:8A:A1:96:3D,-47, WPA2 ,0.000000,0.000000,0.000,0.000,AP
2024-01-06 14:24:46,1900-01-00 00:00:00,BELL765,0C:AC:8A:A1:96:3D,-48, WPA2 ,0.000000,0.000000,0.000,0.000,AP
2024-01-06 14:24:47,1900-01-00 00:00:00,BELL765,0C:AC:8A:A1:96:3D,-47, WPA2 ,0.000000,0.000000,0.000,0.000,AP
2024-01-06 14:24:47,1900-01-00 00:00:00,BELL765,0C:AC:8A:A1:96:3D,-47, WPA2 ,0.000000,0.000000,0.000,0.000,AP
2024-01-06 14:24:47,1900-01-00 00:00:00,BELL765,0C:AC:8A:A1:96:3D,-48, WPA2 ,0.000000,0.000000,0.000,0.000,AP
2024-01-06 14:24:47,1900-01-00 00:00:00,BELL765,0C:AC:8A:A1:96:3D,-47, WPA2 ,0.000000,0.000000,0.000,0.000,AP
2024-01-06 14:24:47,1900-01-00 00:00:00,BELL765,0C:AC:8A:A1:96:3D,-47, WPA2 ,0.000000,0.000000,0.000,0.000,AP
2024-01-06 14:24:47,1900-01-00 00:00:00,BELL765,0C:AC:8A:A1:96:3D,-47, WPA2 ,0.000000,0.000000,0.000,0.000,AP
2024-01-06 14:24:47,1900-01-00 00:00:00,BELL765,0C:AC:8A:A1:96:3D,-47, WPA2 ,0.000000,0.000000,0.000,0.000,AP
2024-01-06 14:24:47,1900-01-00 00:00:00,BELL765,0C:AC:8A:A1:96:3D,-47, WPA2 ,0.000000,0.000000,0.000,0.000,AP
2024-01-06 14:24:48,1900-01-00 00:00:00,BELL765,0C:AC:8A:A1:96:3D,-47, WPA2 ,0.000000,0.000000,0.000,0.000,AP
2024-01-06 14:24:48,1900-01-00 00:00:00,BELL765,0C:AC:8A:A1:96:3D,-47, WPA2 ,0.000000,0.000000,0.000,0.000,AP
2024-01-06 14:24:48,1900-01-00 00:00:00,BELL765,0C:AC:8A:A1:96:3D,-47, WPA2 ,0.000000,0.000000,0.000,0.000,AP
2024-01-06 14:24:48,1900-01-00 00:00:00,BELL765,0C:AC:8A:A1:96:3D,-47, WPA2 ,0.000000,0.000000,0.000,0.000,AP
2024-01-06 14:24:48,1900-01-00 00:00:00,BELL765,0C:AC:8A:A1:96:3D,-47, WPA2 ,0.000000,0.000000,0.000,0.000,AP
2024-01-06 14:24:48,1900-01-00 00:00:00,BELL765,0C:AC:8A:A1:96:3D,-47, WPA2 ,0.000000,0.000000,0.000,0.000,AP
2024-01-06 14:24:48,1900-01-00 00:00:00,BELL765,0C:AC:8A:A1:96:3D,-47, WPA2 ,0.000000,0.000000,0.000,0.000,AP
2024-01-06 14:24:48,1900-01-00 00:00:00,BELL765,0C:AC:8A:A1:96:3D,-47, WPA2 ,0.000000,0.000000,0.000,0.000,AP
2024-01-06 14:24:48,1900-01-00 00:00:00,BELL765,0C:AC:8A:A1:96:3D,-47, WPA2 ,0.000000,0.000000,0.000,0.000,AP
2024-01-06 14:24:49,1900-01-00 00:00:00,BELL765,0C:AC:8A:A1:96:3D,-47, WPA2 ,0.000000,0.000000,0.000,0.000,AP
2024-01-06 14:24:49,1900-01-00 00:00:00,BELL765,0C:AC:8A:A1:96:3D,-48, WPA2 ,0.000000,0.000000,0.000,0.000,AP
2024-01-06 14:24:49,1900-01-00 00:00:00,BELL765,0C:AC:8A:A1:96:3D,-47, WPA2 ,0.000000,0.000000,0.000,0.000,AP
2024-01-06 14:24:49,1900-01-00 00:00:00,BELL765,0C:AC:8A:A1:96:3D,-47, WPA2 ,0.000000,0.000000,0.000,0.000,AP
2024-01-06 14:24:49,1900-01-00 00:00:00,BELL765,0C:AC:8A:A1:96:3D,-47, WPA2 ,0.000000,0.000000,0.000,0.000,AP
2024-01-06 14:24:49,1900-01-00 00:00:00,BELL765,0C:AC:8A:A1:96:3D,-48, WPA2 ,0.000000,0.000000,0.000,0.000,AP
2024-01-06 14:24:49,1900-01-00 00:00:00,BELL765,0C:AC:8A:A1:96:3D,-47, WPA2 ,0.000000,0.000000,0.000,0.000,AP
2024-01-06 14:24:49,1900-01-00 00:00:00,BELL765,0C:AC:8A:A1:96:3D,-48, WPA2 ,0.000000,0.000000,0.000,0.000,AP
2024-01-06 14:24:49,1900-01-00 00:00:00,BELL765,0C:AC:8A:A1:96:3D,-48, WPA2 ,0.000000,0.000000,0.000,0.000,AP
2024-01-06 14:24:49,1900-01-00 00:00:00,BELL765,0C:AC:8A:A1:96:3D,-48, WPA2 ,0.000000,0.000000,0.000,0.000,AP
2024-01-06 14:24:49,1900-01-00 00:00:00,BELL765,0C:AC:8A:A1:96:3D,-48, WPA2 ,0.000000,0.000000,0.000,0.000,AP
2024-01-06 14:24:50,1900-01-00 00:00:00,BELL765,0C:AC:8A:A1:96:3D,-48, WPA2 ,0.000000,0.000000,0.000,0.000,AP
2024-01-06 14:24:50,1900-01-00 00:00:00,BELL765,0C:AC:8A:A1:96:3D,-49, WPA2 ,0.000000,0.000000,0.000,0.000,AP
2024-01-06 14:24:50,1900-01-00 00:00:00,BELL765,0C:AC:8A:A1:96:3D,-49, WPA2 ,0.000000,0.000000,0.000,0.000,AP
2024-01-06 14:24:50,1900-01-00 00:00:00,BELL765,0C:AC:8A:A1:96:3D,-48, WPA2 ,0.000000,0.000000,0.000,0.000,AP
2024-01-06 14:24:50,1900-01-00 00:00:00,BELL765,0C:AC:8A:A1:96:3D,-48, WPA2 ,0.000000,0.000000,0.000,0.000,AP
2024-01-06 14:24:50,1900-01-00 00:00:00,BELL765,0C:AC:8A:A1:96:3D,-48, WPA2 ,0.000000,0.000000,0.000,0.000,AP
2024-01-06 14:24:50,1900-01-00 00:00:00,BELL765,0C:AC:8A:A1:96:3D,-48, WPA2 ,0.000000,0.000000,0.000,0.000,AP
2024-01-06 14:24:50,1900-01-00 00:00:00,BELL765,0C:AC:8A:A1:96:3D,-48, WPA2 ,0.000000,0.000000,0.000,0.000,AP
2024-01-06 14:24:50,1900-01-00 00:00:00,BELL765,0C:AC:8A:A1:96:3D,-47, WPA2 ,0.000000,0.000000,0.000,0.000,AP
2024-01-06 14:24:50,1900-01-00 00:00:00,BELL765,0C:AC:8A:A1:96:3D,-47, WPA2 ,0.000000,0.000000,0.000,0.000,AP
2024-01-06 14:24:50,1900-01-00 00:00:00,BELL765,0C:AC:8A:A1:96:3D,-48, WPA2 ,0.000000,0.000000,0.000,0.000,AP
2024-01-06 14:24:51,1900-01-00 00:00:00,BELL765,0C:AC:8A:A1:96:3D,-47, WPA2 ,0.000000,0.000000,0.000,0.000,AP
2024-01-06 14:24:51,1900-01-00 00:00:00,BELL765,0C:AC:8A:A1:96:3D,-48, WPA2 ,0.000000,0.000000,0.000,0.000,AP
2024-01-06 14:24:51,1900-01-00 00:00:00,BELL765,0C:AC:8A:A1:96:3D,-48, WPA2 ,0.000000,0.000000,0.000,0.000,AP
2024-01-06 14:24:51,1900-01-00 00:00:00,BELL765,0C:AC:8A:A1:96:3D,-47, WPA2 ,0.000000,0.000000,0.000,0.000,AP
2024-01-06 14:24:51,1900-01-00 00:00:00,BELL765,0C:AC:8A:A1:96:3D,-48, WPA2 ,0.000000,0.000000,0.000,0.000,AP
2024-01-06 14:24:51,1900-01-00 00:00:00,BELL765,0C:AC:8A:A1:96:3D,-46, WPA2 ,0.000000,0.000000,0.000,0.000,AP
2024-01-06 14:24:51,1900-01-00 00:00:00,BELL765,0C:AC:8A:A1:96:3D,-46, WPA2 ,0.000000,0.000000,0.000,0.000,AP
2024-01-06 14:24:51,1900-01-00 00:00:00,BELL765,0C:AC:8A:A1:96:3D,-46, WPA2 ,0.000000,0.000000,0.000,0.000,AP
2024-01-06 14:24:51,1900-01-00 00:00:00,BELL765,0C:AC:8A:A1:96:3D,-46, WPA2 ,0.000000,0.000000,0.000,0.000,AP
2024-01-06 14:24:51,1900-01-00 00:00:00,BELL765,0C:AC:8A:A1:96:3D,-47, WPA2 ,0.000000,0.000000,0.000,0.000,AP
2024-01-06 14:24:51,1900-01-00 00:00:00,BELL765,0C:AC:8A:A1:96:3D,-47, WPA2 ,0.000000,0.000000,0.000,0.000,AP
2024-01-06 14:24:51,1900-01-00 00:00:00,BELL765,0C:AC:8A:A1:96:3D,-46, WPA2 ,0.000000,0.000000,0.000,0.000,AP
2024-01-06 14:24:51,1900-01-00 00:00:00,BELL765,0C:AC:8A:A1:96:3D,-47, WPA2 ,0.000000,0.000000,0.000,0.000,AP
2024-01-06 14:24:51,1900-01-00 00:00:00,BELL765,0C:AC:8A:A1:96:3D,-45, WPA2 ,0.000000,0.000000,0.000,0.000,AP
2024-01-06 14:24:51,1900-01-00 00:00:00,BELL765,0C:AC:8A:A1:96:3D,-45, WPA2 ,0.000000,0.000000,0.000,0.000,AP
2024-01-06 14:24:52,1900-01-00 00:00:00,BELL765,0C:AC:8A:A1:96:3D,-46, WPA2 ,0.000000,0.000000,0.000,0.000,AP
2024-01-06 14:24:52,1900-01-00 00:00:00,BELL765,0C:AC:8A:A1:96:3D,-44, WPA2 ,0.000000,0.000000,0.000,0.000,AP
2024-01-06 14:24:52,1900-01-00 00:00:00,BELL765,0C:AC:8A:A1:96:3D,-45, WPA2 ,0.000000,0.000000,0.000,0.000,AP
2024-01-06 14:24:52,1900-01-00 00:00:00,BELL765,0C:AC:8A:A1:96:3D,-46, WPA2 ,0.000000,0.000000,0.000,0.000,AP
2024-01-06 14:24:52,1900-01-00 00:00:00,BELL765,0C:AC:8A:A1:96:3D,-46, WPA2 ,0.000000,0.000000,0.000,0.000,AP
2024-01-06 14:24:52,1900-01-00 00:00:00,BELL765,0C:AC:8A:A1:96:3D,-46, WPA2 ,0.000000,0.000000,0.000,0.000,AP
2024-01-06 14:24:52,1900-01-00 00:00:00,BELL765,0C:AC:8A:A1:96:3D,-45, WPA2 ,0.000000,0.000000,0.000,0.000,AP
2024-01-06 14:24:52,1900-01-00 00:00:00,BELL765,0C:AC:8A:A1:96:3D,-46, WPA2 ,0.000000,0.000000,0.000,0.000,AP
2024-01-06 14:24:52,1900-01-00 00:00:00,BELL765,0C:AC:8A:A1:96:3D,-45, WPA2 ,0.000000,0.000000,0.000,0.000,AP
2024-01-06 14:24:52,1900-01-00 00:00:00,BELL765,0C:AC:8A:A1:96:3D,-46, WPA2 ,0.000000,0.000000,0.000,0.000,AP
2024-01-06 14:24:52,1900-01-00 00:00:00,BELL765,0C:AC:8A:A1:96:3D,-47, WPA2 ,0.000000,0.000000,0.000,0.000,AP
2024-01-06 14:24:53,1900-01-00 00:00:00,BELL765,0C:AC:8A:A1:96:3D,-48, WPA2 ,0.000000,0.000000,0.000,0.000,AP
2024-01-06 14:24:53,1900-01-00 00:00:00,BELL765,0C:AC:8A:A1:96:3D,-46, WPA2 ,0.000000,0.000000,0.000,0.000,AP
2024-01-06 14:24:53,1900-01-00 00:00:00,BELL765,0C:AC:8A:A1:96:3D,-47, WPA2 ,0.000000,0.000000,0.000,0.000,AP
2024-01-06 14:24:53,1900-01-00 00:00:00,BELL765,0C:AC:8A:A1:96:3D,-47, WPA2 ,0.000000,0.000000,0.000,0.000,AP
2024-01-06 14:24:53,1900-01-00 00:00:00,BELL765,0C:AC:8A:A1:96:3D,-47, WPA2 ,0.000000,0.000000,0.000,0.000,AP
2024-01-06 14:24:53,1900-01-00 00:00:00,BELL765,0C:AC:8A:A1:96:3D,-46, WPA2 ,0.000000,0.000000,0.000,0.000,AP
2024-01-06 14:24:53,1900-01-00 00:00:00,BELL765,0C:AC:8A:A1:96:3D,-46, WPA2 ,0.000000,0.000000,0.000,0.000,AP
2024-01-06 14:24:53,1900-01-00 00:00:00,BELL765,0C:AC:8A:A1:96:3D,-46, WPA2 ,0.000000,0.000000,0.000,0.000,AP
2024-01-06 14:24:53,1900-01-00 00:00:00,BELL765,0C:AC:8A:A1:96:3D,-46, WPA2 ,0.000000,0.000000,0.000,0.000,AP
2024-01-06 14:24:53,1900-01-00 00:00:00,BELL765,0C:AC:8A:A1:96:3D,-47, WPA2 ,0.000000,0.000000,0.000,0.000,AP
2024-01-06 14:24:53,1900-01-00 00:00:00,BELL765,0C:AC:8A:A1:96:3D,-48, WPA2 ,0.000000,0.000000,0.000,0.000,AP
2024-01-06 14:24:53,1900-01-00 00:00:00,BELL765,0C:AC:8A:A1:96:3D,-46, WPA2 ,0.000000,0.000000,0.000,0.000,AP
2024-01-06 14:24:53,1900-01-00 00:00:00,BELL765,0C:AC:8A:A1:96:3D,-48, WPA2 ,0.000000,0.000000,0.000,0.000,AP
2024-01-06 14:24:54,1900-01-00 00:00:00,BELL765,0C:AC:8A:A1:96:3D,-48, WPA2 ,0.000000,0.000000,0.000,0.000,AP
2024-01-06 14:24:54,1900-01-00 00:00:00,BELL765,0C:AC:8A:A1:96:3D,-47, WPA2 ,0.000000,0.000000,0.000,0.000,AP
2024-01-06 14:24:54,1900-01-00 00:00:00,BELL765,0C:AC:8A:A1:96:3D,-48, WPA2 ,0.000000,0.000000,0.000,0.000,AP
2024-01-06 14:24:56,1900-01-00 00:00:00,BELL765,0C:AC:8A:A1:96:3D,-47, WPA2 ,0.000000,0.000000,0.000,0.000,AP
2024-01-06 14:24:56,1900-01-00 00:00:00,BELL765,0C:AC:8A:A1:96:3D,-46, WPA2 ,0.000000,0.000000,0.000,0.000,AP
2024-01-06 14:24:56,1900-01-00 00:00:00,BELL765,0C:AC:8A:A1:96:3D,-45, WPA2 ,0.000000,0.000000,0.000,0.000,AP
2024-01-06 14:24:56,1900-01-00 00:00:00,BELL765,0C:AC:8A:A1:96:3D,-43, WPA2 ,0.000000,0.000000,0.000,0.000,AP
2024-01-06 14:24:56,1900-01-00 00:00:00,BELL765,0C:AC:8A:A1:96:3D,-43, WPA2 ,0.000000,0.000000,0.000,0.000,AP
2024-01-06 14:24:56,1900-01-00 00:00:00,BELL765,0C:AC:8A:A1:96:3D,-44, WPA2 ,0.000000,0.000000,0.000,0.000,AP
2024-01-06 14:24:56,1900-01-00 00:00:00,BELL765,0C:AC:8A:A1:96:3D,-44, WPA2 ,0.000000,0.000000,0.000,0.000,AP
2024-01-06 14:24:57,1900-01-00 00:00:00,BELL765,0C:AC:8A:A1:96:3D,-44, WPA2 ,0.000000,0.000000,0.000,0.000,AP
2024-01-06 14:24:57,1900-01-00 00:00:00,BELL765,0C:AC:8A:A1:96:3D,-45, WPA2 ,0.000000,0.000000,0.000,0.000,AP
2024-01-06 14:24:57,1900-01-00 00:00:00,BELL765,0C:AC:8A:A1:96:3D,-45, WPA2 ,0.000000,0.000000,0.000,0.000,AP
2024-01-06 14:24:57,1900-01-00 00:00:00,BELL765,0C:AC:8A:A1:96:3D,-44, WPA2 ,0.000000,0.000000,0.000,0.000,AP
2024-01-06 14:24:57,1900-01-00 00:00:00,BELL765,0C:AC:8A:A1:96:3D,-44, WPA2 ,0.000000,0.000000,0.000,0.000,AP
2024-01-06 14:24:57,1900-01-00 00:00:00,BELL765,0C:AC:8A:A1:96:3D,-44, WPA2 ,0.000000,0.000000,0.000,0.000,AP
2024-01-06 14:24:57,1900-01-00 00:00:00,BELL765,0C:AC:8A:A1:96:3D,-44, WPA2 ,0.000000,0.000000,0.000,0.000,AP
2024-01-06 14:24:57,1900-01-00 00:00:00,BELL765,0C:AC:8A:A1:96:3D,-44, WPA2 ,0.000000,0.000000,0.000,0.000,AP
2024-01-06 14:24:57,1900-01-00 00:00:00,BELL765,0C:AC:8A:A1:96:3D,-45, WPA2 ,0.000000,0.000000,0.000,0.000,AP
2024-01-06 14:24:57,1900-01-00 00:00:00,BELL765,0C:AC:8A:A1:96:3D,-45, WPA2 ,0.000000,0.000000,0.000,0.000,AP
2024-01-06 14:24:57,1900-01-00 00:00:00,BELL765,0C:AC:8A:A1:96:3D,-45, WPA2 ,0.000000,0.000000,0.000,0.000,AP
2024-01-06 14:24:57,1900-01-00 00:00:00,BELL765,0C:AC:8A:A1:96:3D,-45, WPA2 ,0.000000,0.000000,0.000,0.000,AP
2024-01-06 14:24:57,1900-01-00 00:00:00,BELL765,0C:AC:8A:A1:96:3D,-46, WPA2 ,0.000000,0.000000,0.000,0.000,AP
2024-01-06 14:24:57,1900-01-00 00:00:00,BELL765,0C:AC:8A:A1:96:3D,-46, WPA2 ,0.000000,0.000000,0.000,0.000,AP
2024-01-06 14:24:57,1900-01-00 00:00:00,BELL765,0C:AC:8A:A1:96:3D,-46, WPA2 ,0.000000,0.000000,0.000,0.000,AP
2024-01-06 14:24:57,1900-01-00 00:00:00,BELL765,0C:AC:8A:A1:96:3D,-48, WPA2 ,0.000000,0.000000,0.000,0.000,AP
2024-01-06 14:24:58,1900-01-00 00:00:00,BELL765,0C:AC:8A:A1:96:3D,-48, WPA2 ,0.000000,0.000000,0.000,0.000,AP
2024-01-06 14:24:58,1900-01-00 00:00:00,BELL765,0C:AC:8A:A1:96:3D,-48, WPA2 ,0.000000,0.000000,0.000,0.000,AP
2024-01-06 14:24:58,1900-01-00 00:00:00,BELL765,0C:AC:8A:A1:96:3D,-47, WPA2 ,0.000000,0.000000,0.000,0.000,AP
2024-01-06 14:24:59,1900-01-00 00:00:00,BELL765,0C:AC:8A:A1:96:3D,-46, WPA2 ,0.000000,0.000000,0.000,0.000,AP
2024-01-06 14:24:59,1900-01-00 00:00:00,BELL765,0C:AC:8A:A1:96:3D,-46, WPA2 ,0.000000,0.000000,0.000,0.000,AP
2024-01-06 14:24:59,1900-01-00 00:00:00,BELL765,0C:AC:8A:A1:96:3D,-48, WPA2 ,0.000000,0.000000,0.000,0.000,AP
2024-01-06 14:24:59,1900-01-00 00:00:00,BELL765,0C:AC:8A:A1:96:3D,-47, WPA2 ,0.000000,0.000000,0.000,0.000,AP
2024-01-06 14:24:59,1900-01-00 00:00:00,BELL765,0C:AC:8A:A1:96:3D,-47, WPA2 ,0.000000,0.000000,0.000,0.000,AP
2024-01-06 14:24:59,1900-01-00 00:00:00,BELL765,0C:AC:8A:A1:96:3D,-47, WPA2 ,0.000000,0.000000,0.000,0.000,AP
2024-01-06 14:24:59,1900-01-00 00:00:00,BELL765,0C:AC:8A:A1:96:3D,-47, WPA2 ,0.000000,0.000000,0.000,0.000,AP
2024-01-06 14:24:59,1900-01-00 00:00:00,BELL765,0C:AC:8A:A1:96:3D,-47, WPA2 ,0.000000,0.000000,0.000,0.000,AP
2024-01-06 14:24:59,1900-01-00 00:00:00,BELL765,0C:AC:8A:A1:96:3D,-46, WPA2 ,0.000000,0.000000,0.000,0.000,AP
2024-01-06 14:25:00,1900-01-00 00:00:00,BELL765,0C:AC:8A:A1:96:3D,-46, WPA2 ,0.000000,0.000000,0.000,0.000,AP
2024-01-06 14:25:00,1900-01-00 00:00:00,BELL765,0C:AC:8A:A1:96:3D,-47, WPA2 ,0.000000,0.000000,0.000,0.000,AP
2024-01-06 14:25:00,1900-01-00 00:00:00,BELL765,0C:AC:8A:A1:96:3D,-46, WPA2 ,0.000000,0.000000,0.000,0.000,AP
2024-01-06 14:25:00,1900-01-00 00:00:00,BELL765,0C:AC:8A:A1:96:3D,-46, WPA2 ,0.000000,0.000000,0.000,0.000,AP
2024-01-06 14:25:00,1900-01-00 00:00:00,BELL765,0C:AC:8A:A1:96:3D,-46, WPA2 ,0.000000,0.000000,0.000,0.000,AP
2024-01-06 14:25:00,1900-01-00 00:00:00,BELL765,0C:AC:8A:A1:96:3D,-46, WPA2 ,0.000000,0.000000,0.000,0.000,AP
2024-01-06 14:25:00,1900-01-00 00:00:00,BELL765,0C:AC:8A:A1:96:3D,-46, WPA2 ,0.000000,0.000000,0.000,0.000,AP
2024-01-06 14:25:00,1900-01-00 00:00:00,BELL765,0C:AC:8A:A1:96:3D,-47, WPA2 ,0.000000,0.000000,0.000,0.000,AP
2024-01-06 14:25:00,1900-01-00 00:00:00,BELL765,0C:AC:8A:A1:96:3D,-46, WPA2 ,0.000000,0.000000,0.000,0.000,AP
2024-01-06 14:25:00,1900-01-00 00:00:00,BELL765,0C:AC:8A:A1:96:3D,-47, WPA2 ,0.000000,0.000000,0.000,0.000,AP
2024-01-06 14:25:00,1900-01-00 00:00:00,BELL765,0C:AC:8A:A1:96:3D,-46, WPA2 ,0.000000,0.000000,0.000,0.000,AP
2024-01-06 14:25:00,1900-01-00 00:00:00,BELL765,0C:AC:8A:A1:96:3D,-46, WPA2 ,0.000000,0.000000,0.000,0.000,AP
2024-01-06 14:25:00,1900-01-00 00:00:00,BELL765,0C:AC:8A:A1:96:3D,-46, WPA2 ,0.000000,0.000000,0.000,0.000,AP
2024-01-06 14:25:01,1900-01-00 00:00:00,BELL765,0C:AC:8A:A1:96:3D,-46, WPA2 ,0.000000,0.000000,0.000,0.000,AP
2024-01-06 14:25:01,1900-01-00 00:00:00,BELL765,0C:AC:8A:A1:96:3D,-46, WPA2 ,0.000000,0.000000,0.000,0.000,AP
2024-01-06 14:25:01,1900-01-00 00:00:00,BELL765,0C:AC:8A:A1:96:3D,-45, WPA2 ,0.000000,0.000000,0.000,0.000,AP
2024-01-06 14:25:01,1900-01-00 00:00:00,BELL765,0C:AC:8A:A1:96:3D,-46, WPA2 ,0.000000,0.000000,0.000,0.000,AP
2024-01-06 14:25:01,1900-01-00 00:00:00,BELL765,0C:AC:8A:A1:96:3D,-46, WPA2 ,0.000000,0.000000,0.000,0.000,AP
2024-01-06 14:25:01,1900-01-00 00:00:00,BELL765,0C:AC:8A:A1:96:3D,-46, WPA2 ,0.000000,0.000000,0.000,0.000,AP
2024-01-06 14:25:01,1900-01-00 00:00:00,BELL765,0C:AC:8A:A1:96:3D,-45, WPA2 ,0.000000,0.000000,0.000,0.000,AP
2024-01-06 14:25:01,1900-01-00 00:00:00,BELL765,0C:AC:8A:A1:96:3D,-45, WPA2 ,0.000000,0.000000,0.000,0.000,AP
2024-01-06 14:25:01,1900-01-00 00:00:00,BELL765,0C:AC:8A:A1:96:3D,-46, WPA2 ,0.000000,0.000000,0.000,0.000,AP
2024-01-06 14:25:01,1900-01-00 00:00:00,BELL765,0C:AC:8A:A1:96:3D,-45, WPA2 ,0.000000,0.000000,0.000,0.000,AP
2024-01-06 14:25:01,1900-01-00 00:00:00,BELL765,0C:AC:8A:A1:96:3D,-46, WPA2 ,0.000000,0.000000,0.000,0.000,AP
2024-01-06 14:25:01,1900-01-00 00:00:00,BELL765,0C:AC:8A:A1:96:3D,-45, WPA2 ,0.000000,0.000000,0.000,0.000,AP
2024-01-06 14:25:01,1900-01-00 00:00:00,BELL765,0C:AC:8A:A1:96:3D,-46, WPA2 ,0.000000,0.000000,0.000,0.000,AP
2024-01-06 14:25:01,1900-01-00 00:00:00,BELL765,0C:AC:8A:A1:96:3D,-45, WPA2 ,0.000000,0.000000,0.000,0.000,AP
2024-01-06 14:25:02,1900-01-00 00:00:00,BELL765,0C:AC:8A:A1:96:3D,-46, WPA2 ,0.000000,0.000000,0.000,0.000,AP
2024-01-06 14:25:02,1900-01-00 00:00:00,BELL765,0C:AC:8A:A1:96:3D,-46, WPA2 ,0.000000,0.000000,0.000,0.000,AP
2024-01-06 14:25:02,1900-01-00 00:00:00,BELL765,0C:AC:8A:A1:96:3D,-46, WPA2 ,0.000000,0.000000,0.000,0.000,AP
2024-01-06 14:25:02,1900-01-00 00:00:00,BELL765,0C:AC:8A:A1:96:3D,-45, WPA2 ,0.000000,0.000000,0.000,0.000,AP
2024-01-06 14:25:02,1900-01-00 00:00:00,BELL765,0C:AC:8A:A1:96:3D,-46, WPA2 ,0.000000,0.000000,0.000,0.000,AP
2024-01-06 14:25:02,1900-01-00 00:00:00,BELL765,0C:AC:8A:A1:96:3D,-45, WPA2 ,0.000000,0.000000,0.000,0.000,AP
2024-01-06 14:25:02,1900-01-00 00:00:00,BELL765,0C:AC:8A:A1:96:3D,-45, WPA2 ,0.000000,0.000000,0.000,0.000,AP
2024-01-06 14:25:02,1900-01-00 00:00:00,BELL765,0C:AC:8A:A1:96:3D,-46, WPA2 ,0.000000,0.000000,0.000,0.000,AP
2024-01-06 14:25:02,1900-01-00 00:00:00,BELL765,0C:AC:8A:A1:96:3D,-47, WPA2 ,0.000000,0.000000,0.000,0.000,AP
2024-01-06 14:25:02,1900-01-00 00:00:00,BELL765,0C:AC:8A:A1:96:3D,-47, WPA2 ,0.000000,0.000000,0.000,0.000,AP
2024-01-06 14:25:02,1900-01-00 00:00:00,BELL765,0C:AC:8A:A1:96:3D,-47, WPA2 ,0.000000,0.000000,0.000,0.000,AP
2024-01-06 14:25:03,1900-01-00 00:00:00,BELL765,0C:AC:8A:A1:96:3D,-45, WPA2 ,0.000000,0.000000,0.000,0.000,AP
2024-01-06 14:25:03,1900-01-00 00:00:00,BELL765,0C:AC:8A:A1:96:3D,-45, WPA2 ,0.000000,0.000000,0.000,0.000,AP
2024-01-06 14:25:03,1900-01-00 00:00:00,BELL765,0C:AC:8A:A1:96:3D,-44, WPA2 ,0.000000,0.000000,0.000,0.000,AP
2024-01-06 14:25:03,1900-01-00 00:00:00,BELL765,0C:AC:8A:A1:96:3D,-45, WPA2 ,0.000000,0.000000,0.000,0.000,AP
2024-01-06 14:25:03,1900-01-00 00:00:00,BELL765,0C:AC:8A:A1:96:3D,-45, WPA2 ,0.000000,0.000000,0.000,0.000,AP
2024-01-06 14:25:03,1900-01-00 00:00:00,BELL765,0C:AC:8A:A1:96:3D,-47, WPA2 ,0.000000,0.000000,0.000,0.000,AP
2024-01-06 14:25:03,1900-01-00 00:00:00,BELL765,0C:AC:8A:A1:96:3D,-50, WPA2 ,0.000000,0.000000,0.000,0.000,AP
2024-01-06 14:25:03,1900-01-00 00:00:00,BELL765,0C:AC:8A:A1:96:3D,-49, WPA2 ,0.000000,0.000000,0.000,0.000,AP
2024-01-06 14:25:03,1900-01-00 00:00:00,BELL765,0C:AC:8A:A1:96:3D,-55, WPA2 ,0.000000,0.000000,0.000,0.000,AP
2024-01-06 14:25:03,1900-01-00 00:00:00,BELL765,0C:AC:8A:A1:96:3D,-53, WPA2 ,0.000000,0.000000,0.000,0.000,AP
2024-01-06 14:25:04,1900-01-00 00:00:00,BELL765,0C:AC:8A:A1:96:3D,-54, WPA2 ,0.000000,0.000000,0.000,0.000,AP
2024-01-06 14:25:04,1900-01-00 00:00:00,BELL765,0C:AC:8A:A1:96:3D,-51, WPA2 ,0.000000,0.000000,0.000,0.000,AP
2024-01-06 14:25:04,1900-01-00 00:00:00,BELL765,0C:AC:8A:A1:96:3D,-52, WPA2 ,0.000000,0.000000,0.000,0.000,AP
2024-01-06 14:25:04,1900-01-00 00:00:00,BELL765,0C:AC:8A:A1:96:3D,-51, WPA2 ,0.000000,0.000000,0.000,0.000,AP
2024-01-06 14:25:04,1900-01-00 00:00:00,BELL765,0C:AC:8A:A1:96:3D,-52, WPA2 ,0.000000,0.000000,0.000,0.000,AP
2024-01-06 14:25:04,1900-01-00 00:00:00,BELL765,0C:AC:8A:A1:96:3D,-52, WPA2 ,0.000000,0.000000,0.000,0.000,AP
2024-01-06 14:25:04,1900-01-00 00:00:00,BELL765,0C:AC:8A:A1:96:3D,-52, WPA2 ,0.000000,0.000000,0.000,0.000,AP
2024-01-06 14:25:04,1900-01-00 00:00:00,BELL765,0C:AC:8A:A1:96:3D,-52, WPA2 ,0.000000,0.000000,0.000,0.000,AP
2024-01-06 14:25:04,1900-01-00 00:00:00,BELL765,0C:AC:8A:A1:96:3D,-51, WPA2 ,0.000000,0.000000,0.000,0.000,AP
2024-01-06 14:25:04,1900-01-00 00:00:00,BELL765,0C:AC:8A:A1:96:3D,-51, WPA2 ,0.000000,0.000000,0.000,0.000,AP
2024-01-06 14:25:04,1900-01-00 00:00:00,BELL765,0C:AC:8A:A1:96:3D,-52, WPA2 ,0.000000,0.000000,0.000,0.000,AP
2024-01-06 14:25:04,1900-01-00 00:00:00,BELL765,0C:AC:8A:A1:96:3D,-51, WPA2 ,0.000000,0.000000,0.000,0.000,AP
2024-01-06 14:25:05,1900-01-00 00:00:00,BELL765,0C:AC:8A:A1:96:3D,-50, WPA2 ,0.000000,0.000000,0.000,0.000,AP
2024-01-06 14:25:05,1900-01-00 00:00:00,BELL765,0C:AC:8A:A1:96:3D,-49, WPA2 ,0.000000,0.000000,0.000,0.000,AP
2024-01-06 14:25:05,1900-01-00 00:00:00,BELL765,0C:AC:8A:A1:96:3D,-47, WPA2 ,0.000000,0.000000,0.000,0.000,AP
2024-01-06 14:25:05,1900-01-00 00:00:00,BELL765,0C:AC:8A:A1:96:3D,-48, WPA2 ,0.000000,0.000000,0.000,0.000,AP
2024-01-06 14:25:05,1900-01-00 00:00:00,BELL765,0C:AC:8A:A1:96:3D,-48, WPA2 ,0.000000,0.000000,0.000,0.000,AP
2024-01-06 14:25:05,1900-01-00 00:00:00,BELL765,0C:AC:8A:A1:96:3D,-49, WPA2 ,0.000000,0.000000,0.000,0.000,AP
2024-01-06 14:25:05,1900-01-00 00:00:00,BELL765,0C:AC:8A:A1:96:3D,-48, WPA2 ,0.000000,0.000000,0.000,0.000,AP
2024-01-06 14:25:05,1900-01-00 00:00:00,BELL765,0C:AC:8A:A1:96:3D,-50, WPA2 ,0.000000,0.000000,0.000,0.000,AP
2024-01-06 14:25:05,1900-01-00 00:00:00,BELL765,0C:AC:8A:A1:96:3D,-50, WPA2 ,0.000000,0.000000,0.000,0.000,AP
2024-01-06 14:25:05,1900-01-00 00:00:00,BELL765,0C:AC:8A:A1:96:3D,-52, WPA2 ,0.000000,0.000000,0.000,0.000,AP
2024-01-06 14:25:05,1900-01-00 00:00:00,BELL765,0C:AC:8A:A1:96:3D,-55, WPA2 ,0.000000,0.000000,0.000,0.000,AP
2024-01-06 14:25:06,1900-01-00 00:00:00,BELL765,0C:AC:8A:A1:96:3D,-48, WPA2 ,0.000000,0.000000,0.000,0.000,AP
2024-01-06 14:25:06,1900-01-00 00:00:00,BELL765,0C:AC:8A:A1:96:3D,-49, WPA2 ,0.000000,0.000000,0.000,0.000,AP
2024-01-06 14:25:06,1900-01-00 00:00:00,BELL765,0C:AC:8A:A1:96:3D,-47, WPA2 ,0.000000,0.000000,0.000,0.000,AP
2024-01-06 14:25:06,1900-01-00 00:00:00,BELL765,0C:AC:8A:A1:96:3D,-49, WPA2 ,0.000000,0.000000,0.000,0.000,AP
2024-01-06 14:25:06,1900-01-00 00:00:00,BELL765,0C:AC:8A:A1:96:3D,-49, WPA2 ,0.000000,0.000000,0.000,0.000,AP
2024-01-06 14:25:06,1900-01-00 00:00:00,BELL765,0C:AC:8A:A1:96:3D,-49, WPA2 ,0.000000,0.000000,0.000,0.000,AP
2024-01-06 14:25:06,1900-01-00 00:00:00,BELL765,0C:AC:8A:A1:96:3D,-49, WPA2 ,0.000000,0.000000,0.000,0.000,AP
2024-01-06 14:25:06,1900-01-00 00:00:00,BELL765,0C:AC:8A:A1:96:3D,-50, WPA2 ,0.000000,0.000000,0.000,0.000,AP
2024-01-06 14:25:06,1900-01-00 00:00:00,BELL765,0C:AC:8A:A1:96:3D,-49, WPA2 ,0.000000,0.000000,0.000,0.000,AP
2024-01-06 14:25:06,1900-01-00 00:00:00,BELL765,0C:AC:8A:A1:96:3D,-49, WPA2 ,0.000000,0.000000,0.000,0.000,AP
2024-01-06 14:25:06,1900-01-00 00:00:00,BELL765,0C:AC:8A:A1:96:3D,-49, WPA2 ,0.000000,0.000000,0.000,0.000,AP
2024-01-06 14:25:07,1900-01-00 00:00:00,BELL765,0C:AC:8A:A1:96:3D,-47, WPA2 ,0.000000,0.000000,0.000,0.000,AP
2024-01-06 14:25:07,1900-01-00 00:00:00,BELL765,0C:AC:8A:A1:96:3D,-48, WPA2 ,0.000000,0.000000,0.000,0.000,AP
2024-01-06 14:25:07,1900-01-00 00:00:00,BELL765,0C:AC:8A:A1:96:3D,-48, WPA2 ,0.000000,0.000000,0.000,0.000,AP
2024-01-06 14:25:07,1900-01-00 00:00:00,BELL765,0C:AC:8A:A1:96:3D,-49, WPA2 ,0.000000,0.000000,0.000,0.000,AP
2024-01-06 14:25:07,1900-01-00 00:00:00,BELL765,0C:AC:8A:A1:96:3D,-50, WPA2 ,0.000000,0.000000,0.000,0.000,AP
2024-01-06 14:25:07,1900-01-00 00:00:00,BELL765,0C:AC:8A:A1:96:3D,-50, WPA2 ,0.000000,0.000000,0.000,0.000,AP
2024-01-06 14:25:07,1900-01-00 00:00:00,BELL765,0C:AC:8A:A1:96:3D,-48, WPA2 ,0.000000,0.000000,0.000,0.000,AP
2024-01-06 14:25:07,1900-01-00 00:00:00,BELL765,0C:AC:8A:A1:96:3D,-48, WPA2 ,0.000000,0.000000,0.000,0.000,AP
2024-01-06 14:25:07,1900-01-00 00:00:00,BELL765,0C:AC:8A:A1:96:3D,-48, WPA2 ,0.000000,0.000000,0.000,0.000,AP
2024-01-06 14:25:07,1900-01-00 00:00:00,BELL765,0C:AC:8A:A1:96:3D,-47, WPA2 ,0.000000,0.000000,0.000,0.000,AP
2024-01-06 14:25:07,1900-01-00 00:00:00,BELL765,0C:AC:8A:A1:96:3D,-48, WPA2 ,0.000000,0.000000,0.000,0.000,AP
2024-01-06 14:25:07,1900-01-00 00:00:00,BELL765,0C:AC:8A:A1:96:3D,-47, WPA2 ,0.000000,0.000000,0.000,0.000,AP
2024-01-06 14:25:07,1900-01-00 00:00:00,BELL765,0C:AC:8A:A1:96:3D,-47, WPA2 ,0.000000,0.000000,0.000,0.000,AP
2024-01-06 14:25:07,1900-01-00 00:00:00,BELL765,0C:AC:8A:A1:96:3D,-47, WPA2 ,0.000000,0.000000,0.000,0.000,AP
2024-01-06 14:25:07,1900-01-00 00:00:00,BELL765,0C:AC:8A:A1:96:3D,-48, WPA2 ,0.000000,0.000000,0.000,0.000,AP
2024-01-06 14:25:07,1900-01-00 00:00:00,BELL765,0C:AC:8A:A1:96:3D,-48, WPA2 ,0.000000,0.000000,0.000,0.000,AP
2024-01-06 14:25:07,1900-01-00 00:00:00,BELL765,0C:AC:8A:A1:96:3D,-48, WPA2 ,0.000000,0.000000,0.000,0.000,AP
2024-01-06 14:25:08,1900-01-00 00:00:00,BELL765,0C:AC:8A:A1:96:3D,-48, WPA2 ,0.000000,0.000000,0.000,0.000,AP
2024-01-06 14:25:08,1900-01-00 00:00:00,BELL765,0C:AC:8A:A1:96:3D,-50, WPA2 ,0.000000,0.000000,0.000,0.000,AP
2024-01-06 14:25:08,1900-01-00 00:00:00,BELL765,0C:AC:8A:A1:96:3D,-48, WPA2 ,0.000000,0.000000,0.000,0.000,AP
2024-01-06 14:25:08,1900-01-00 00:00:00,BELL765,0C:AC:8A:A1:96:3D,-49, WPA2 ,0.000000,0.000000,0.000,0.000,AP
2024-01-06 14:25:08,1900-01-00 00:00:00,BELL765,0C:AC:8A:A1:96:3D,-49, WPA2 ,0.000000,0.000000,0.000,0.000,AP
2024-01-06 14:25:08,1900-01-00 00:00:00,BELL765,0C:AC:8A:A1:96:3D,-49, WPA2 ,0.000000,0.000000,0.000,0.000,AP
2024-01-06 14:25:08,1900-01-00 00:00:00,BELL765,0C:AC:8A:A1:96:3D,-49, WPA2 ,0.000000,0.000000,0.000,0.000,AP
2024-01-06 14:25:08,1900-01-00 00:00:00,BELL765,0C:AC:8A:A1:96:3D,-49, WPA2 ,0.000000,0.000000,0.000,0.000,AP
2024-01-06 14:25:08,1900-01-00 00:00:00,BELL765,0C:AC:8A:A1:96:3D,-48, WPA2 ,0.000000,0.000000,0.000,0.000,AP
2024-01-06 14:25:08,1900-01-00 00:00:00,BELL765,0C:AC:8A:A1:96:3D,-49, WPA2 ,0.000000,0.000000,0.000,0.000,AP
2024-01-06 14:25:08,1900-01-00 00:00:00,BELL765,0C:AC:8A:A1:96:3D,-51, WPA2 ,0.000000,0.000000,0.000,0.000,AP
2024-01-06 14:25:08,1900-01-00 00:00:00,BELL765,0C:AC:8A:A1:96:3D,-51, WPA2 ,0.000000,0.000000,0.000,0.000,AP
2024-01-06 14:25:08,1900-01-00 00:00:00,BELL765,0C:AC:8A:A1:96:3D,-53, WPA2 ,0.000000,0.000000,0.000,0.000,AP
2024-01-06 14:25:08,1900-01-00 00:00:00,BELL765,0C:AC:8A:A1:96:3D,-52, WPA2 ,0.000000,0.000000,0.000,0.000,AP
2024-01-06 14:25:08,1900-01-00 00:00:00,BELL765,0C:AC:8A:A1:96:3D,-52, WPA2 ,0.000000,0.000000,0.000,0.000,AP
2024-01-06 14:25:08,1900-01-00 00:00:00,BELL765,0C:AC:8A:A1:96:3D,-50, WPA2 ,0.000000,0.000000,0.000,0.000,AP
2024-01-06 14:25:09,1900-01-00 00:00:00,BELL765,0C:AC:8A:A1:96:3D,-50, WPA2 ,0.000000,0.000000,0.000,0.000,AP
2024-01-06 14:25:09,1900-01-00 00:00:00,BELL765,0C:AC:8A:A1:96:3D,-50, WPA2 ,0.000000,0.000000,0.000,0.000,AP
2024-01-06 14:25:09,1900-01-00 00:00:00,BELL765,0C:AC:8A:A1:96:3D,-50, WPA2 ,0.000000,0.000000,0.000,0.000,AP
2024-01-06 14:25:09,1900-01-00 00:00:00,BELL765,0C:AC:8A:A1:96:3D,-49, WPA2 ,0.000000,0.000000,0.000,0.000,AP
2024-01-06 14:25:09,1900-01-00 00:00:00,BELL765,0C:AC:8A:A1:96:3D,-49, WPA2 ,0.000000,0.000000,0.000,0.000,AP
2024-01-06 14:25:09,1900-01-00 00:00:00,BELL765,0C:AC:8A:A1:96:3D,-50, WPA2 ,0.000000,0.000000,0.000,0.000,AP
2024-01-06 14:25:09,1900-01-00 00:00:00,BELL765,0C:AC:8A:A1:96:3D,-49, WPA2 ,0.000000,0.000000,0.000,0.000,AP
2024-01-06 14:25:09,1900-01-00 00:00:00,BELL765,0C:AC:8A:A1:96:3D,-49, WPA2 ,0.000000,0.000000,0.000,0.000,AP
2024-01-06 14:25:09,1900-01-00 00:00:00,BELL765,0C:AC:8A:A1:96:3D,-51, WPA2 ,0.000000,0.000000,0.000,0.000,AP
2024-01-06 14:25:09,1900-01-00 00:00:00,BELL765,0C:AC:8A:A1:96:3D,-53, WPA2 ,0.000000,0.000000,0.000,0.000,AP
2024-01-06 14:25:09,1900-01-00 00:00:00,BELL765,0C:AC:8A:A1:96:3D,-52, WPA2 ,0.000000,0.000000,0.000,0.000,AP
2024-01-06 14:25:09,1900-01-00 00:00:00,BELL765,0C:AC:8A:A1:96:3D,-52, WPA2 ,0.000000,0.000000,0.000,0.000,AP
2024-01-06 14:25:10,1900-01-00 00:00:00,BELL765,0C:AC:8A:A1:96:3D,-48, WPA2 ,0.000000,0.000000,0.000,0.000,AP
2024-01-06 14:25:10,1900-01-00 00:00:00,BELL765,0C:AC:8A:A1:96:3D,-50, WPA2 ,0.000000,0.000000,0.000,0.000,AP
2024-01-06 14:25:10,1900-01-00 00:00:00,BELL765,0C:AC:8A:A1:96:3D,-52, WPA2 ,0.000000,0.000000,0.000,0.000,AP
2024-01-06 14:25:10,1900-01-00 00:00:00,BELL765,0C:AC:8A:A1:96:3D,-51, WPA2 ,0.000000,0.000000,0.000,0.000,AP
2024-01-06 14:25:10,1900-01-00 00:00:00,BELL765,0C:AC:8A:A1:96:3D,-52, WPA2 ,0.000000,0.000000,0.000,0.000,AP
2024-01-06 14:25:10,1900-01-00 00:00:00,BELL765,0C:AC:8A:A1:96:3D,-51, WPA2 ,0.000000,0.000000,0.000,0.000,AP
2024-01-06 14:25:10,1900-01-00 00:00:00,BELL765,0C:AC:8A:A1:96:3D,-52, WPA2 ,0.000000,0.000000,0.000,0.000,AP
2024-01-06 14:25:10,1900-01-00 00:00:00,BELL765,0C:AC:8A:A1:96:3D,-51, WPA2 ,0.000000,0.000000,0.000,0.000,AP
2024-01-06 14:25:10,1900-01-00 00:00:00,BELL765,0C:AC:8A:A1:96:3D,-52, WPA2 ,0.000000,0.000000,0.000,0.000,AP
2024-01-06 14:25:10,1900-01-00 00:00:00,BELL765,0C:AC:8A:A1:96:3D,-52, WPA2 ,0.000000,0.000000,0.000,0.000,AP
2024-01-06 14:25:10,1900-01-00 00:00:00,BELL765,0C:AC:8A:A1:96:3D,-52, WPA2 ,0.000000,0.000000,0.000,0.000,AP
2024-01-06 14:25:10,1900-01-00 00:00:00,BELL765,0C:AC:8A:A1:96:3D,-52, WPA2 ,0.000000,0.000000,0.000,0.000,AP
2024-01-06 14:25:10,1900-01-00 00:00:00,BELL765,0C:AC:8A:A1:96:3D,-53, WPA2 ,0.000000,0.000000,0.000,0.000,AP
2024-01-06 14:25:10,1900-01-00 00:00:00,BELL765,0C:AC:8A:A1:96:3D,-53, WPA2 ,0.000000,0.000000,0.000,0.000,AP
2024-01-06 14:25:10,1900-01-00 00:00:00,BELL765,0C:AC:8A:A1:96:3D,-53, WPA2 ,0.000000,0.000000,0.000,0.000,AP
2024-01-06 14:25:10,1900-01-00 00:00:00,BELL765,0C:AC:8A:A1:96:3D,-52, WPA2 ,0.000000,0.000000,0.000,0.000,AP
2024-01-06 14:25:10,1900-01-00 00:00:00,BELL765,0C:AC:8A:A1:96:3D,-52, WPA2 ,0.000000,0.000000,0.000,0.000,AP
2024-01-06 14:25:10,1900-01-00 00:00:00,BELL765,0C:AC:8A:A1:96:3D,-53, WPA2 ,0.000000,0.000000,0.000,0.000,AP
2024-01-06 14:25:10,1900-01-00 00:00:00,BELL765,0C:AC:8A:A1:96:3D,-53, WPA2 ,0.000000,0.000000,0.000,0.000,AP
2024-01-06 14:25:10,1900-01-00 00:00:00,BELL765,0C:AC:8A:A1:96:3D,-52, WPA2 ,0.000000,0.000000,0.000,0.000,AP
2024-01-06 14:25:10,1900-01-00 00:00:00,BELL765,0C:AC:8A:A1:96:3D,-53, WPA2 ,0.000000,0.000000,0.000,0.000,AP
2024-01-06 14:25:10,1900-01-00 00:00:00,BELL765,0C:AC:8A:A1:96:3D,-53, WPA2 ,0.000000,0.000000,0.000,0.000,AP
2024-01-06 14:25:10,1900-01-00 00:00:00,BELL765,0C:AC:8A:A1:96:3D,-52, WPA2 ,0.000000,0.000000,0.000,0.000,AP
2024-01-06 14:25:10,1900-01-00 00:00:00,BELL765,0C:AC:8A:A1:96:3D,-52, WPA2 ,0.000000,0.000000,0.000,0.000,AP
2024-01-06 14:25:10,1900-01-00 00:00:00,BELL765,0C:AC:8A:A1:96:3D,-51, WPA2 ,0.000000,0.000000,0.000,0.000,AP
2024-01-06 14:25:11,1900-01-00 00:00:00,BELL765,0C:AC:8A:A1:96:3D,-51, WPA2 ,0.000000,0.000000,0.000,0.000,AP
2024-01-06 14:25:11,1900-01-00 00:00:00,BELL765,0C:AC:8A:A1:96:3D,-51, WPA2 ,0.000000,0.000000,0.000,0.000,AP
2024-01-06 14:25:11,1900-01-00 00:00:00,BELL765,0C:AC:8A:A1:96:3D,-50, WPA2 ,0.000000,0.000000,0.000,0.000,AP
2024-01-06 14:25:11,1900-01-00 00:00:00,BELL765,0C:AC:8A:A1:96:3D,-51, WPA2 ,0.000000,0.000000,0.000,0.000,AP
2024-01-06 14:25:11,1900-01-00 00:00:00,BELL765,0C:AC:8A:A1:96:3D,-50, WPA2 ,0.000000,0.000000,0.000,0.000,AP
2024-01-06 14:25:11,1900-01-00 00:00:00,BELL765,0C:AC:8A:A1:96:3D,-49, WPA2 ,0.000000,0.000000,0.000,0.000,AP
2024-01-06 14:25:11,1900-01-00 00:00:00,BELL765,0C:AC:8A:A1:96:3D,-50, WPA2 ,0.000000,0.000000,0.000,0.000,AP
2024-01-06 14:25:11,1900-01-00 00:00:00,BELL765,0C:AC:8A:A1:96:3D,-49, WPA2 ,0.000000,0.000000,0.000,0.000,AP
2024-01-06 14:25:11,1900-01-00 00:00:00,BELL765,0C:AC:8A:A1:96:3D,-50, WPA2 ,0.000000,0.000000,0.000,0.000,AP
2024-01-06 14:25:11,1900-01-00 00:00:00,BELL765,0C:AC:8A:A1:96:3D,-48, WPA2 ,0.000000,0.000000,0.000,0.000,AP
2024-01-06 14:25:11,1900-01-00 00:00:00,BELL765,0C:AC:8A:A1:96:3D,-47, WPA2 ,0.000000,0.000000,0.000,0.000,AP
2024-01-06 14:25:11,1900-01-00 00:00:00,BELL765,0C:AC:8A:A1:96:3D,-47, WPA2 ,0.000000,0.000000,0.000,0.000,AP
2024-01-06 14:25:11,1900-01-00 00:00:00,BELL765,0C:AC:8A:A1:96:3D,-47, WPA2 ,0.000000,0.000000,0.000,0.000,AP
2024-01-06 14:25:11,1900-01-00 00:00:00,BELL765,0C:AC:8A:A1:96:3D,-48, WPA2 ,0.000000,0.000000,0.000,0.000,AP
2024-01-06 14:25:11,1900-01-00 00:00:00,BELL765,0C:AC:8A:A1:96:3D,-47, WPA2 ,0.000000,0.000000,0.000,0.000,AP
2024-01-06 14:25:11,1900-01-00 00:00:00,BELL765,0C:AC:8A:A1:96:3D,-48, WPA2 ,0.000000,0.000000,0.000,0.000,AP
2024-01-06 14:25:11,1900-01-00 00:00:00,BELL765,0C:AC:8A:A1:96:3D,-48, WPA2 ,0.000000,0.000000,0.000,0.000,AP
2024-01-06 14:25:11,1900-01-00 00:00:00,BELL765,0C:AC:8A:A1:96:3D,-48, WPA2 ,0.000000,0.000000,0.000,0.000,AP
2024-01-06 14:25:11,1900-01-00 00:00:00,BELL765,0C:AC:8A:A1:96:3D,-47, WPA2 ,0.000000,0.000000,0.000,0.000,AP
2024-01-06 14:25:12,1900-01-00 00:00:00,BELL765,0C:AC:8A:A1:96:3D,-49, WPA2 ,0.000000,0.000000,0.000,0.000,AP
2024-01-06 14:25:12,1900-01-00 00:00:00,BELL765,0C:AC:8A:A1:96:3D,-51, WPA2 ,0.000000,0.000000,0.000,0.000,AP
2024-01-06 14:25:12,1900-01-00 00:00:00,BELL765,0C:AC:8A:A1:96:3D,-51, WPA2 ,0.000000,0.000000,0.000,0.000,AP
2024-01-06 14:25:12,1900-01-00 00:00:00,BELL765,0C:AC:8A:A1:96:3D,-52, WPA2 ,0.000000,0.000000,0.000,0.000,AP
2024-01-06 14:25:12,1900-01-00 00:00:00,BELL765,0C:AC:8A:A1:96:3D,-51, WPA2 ,0.000000,0.000000,0.000,0.000,AP
2024-01-06 14:25:12,1900-01-00 00:00:00,BELL765,0C:AC:8A:A1:96:3D,-49, WPA2 ,0.000000,0.000000,0.000,0.000,AP
2024-01-06 14:25:12,1900-01-00 00:00:00,BELL765,0C:AC:8A:A1:96:3D,-49, WPA2 ,0.000000,0.000000,0.000,0.000,AP
2024-01-06 14:25:12,1900-01-00 00:00:00,BELL765,0C:AC:8A:A1:96:3D,-49, WPA2 ,0.000000,0.000000,0.000,0.000,AP
2024-01-06 14:25:12,1900-01-00 00:00:00,BELL765,0C:AC:8A:A1:96:3D,-48, WPA2 ,0.000000,0.000000,0.000,0.000,AP
2024-01-06 14:25:13,1900-01-00 00:00:00,BELL765,0C:AC:8A:A1:96:3D,-52, WPA2 ,0.000000,0.000000,0.000,0.000,AP
2024-01-06 14:25:13,1900-01-00 00:00:00,BELL765,0C:AC:8A:A1:96:3D,-52, WPA2 ,0.000000,0.000000,0.000,0.000,AP
2024-01-06 14:25:13,1900-01-00 00:00:00,BELL765,0C:AC:8A:A1:96:3D,-51, WPA2 ,0.000000,0.000000,0.000,0.000,AP
2024-01-06 14:25:13,1900-01-00 00:00:00,BELL765,0C:AC:8A:A1:96:3D,-51, WPA2 ,0.000000,0.000000,0.000,0.000,AP
2024-01-06 14:25:13,1900-01-00 00:00:00,BELL765,0C:AC:8A:A1:96:3D,-55, WPA2 ,0.000000,0.000000,0.000,0.000,AP
2024-01-06 14:25:13,1900-01-00 00:00:00,BELL765,0C:AC:8A:A1:96:3D,-58, WPA2 ,0.000000,0.000000,0.000,0.000,AP
2024-01-06 14:25:13,1900-01-00 00:00:00,BELL765,0C:AC:8A:A1:96:3D,-58, WPA2 ,0.000000,0.000000,0.000,0.000,AP
2024-01-06 14:25:13,1900-01-00 00:00:00,BELL765,0C:AC:8A:A1:96:3D,-59, WPA2 ,0.000000,0.000000,0.000,0.000,AP
2024-01-06 14:25:13,1900-01-00 00:00:00,BELL765,0C:AC:8A:A1:96:3D,-59, WPA2 ,0.000000,0.000000,0.000,0.000,AP
2024-01-06 14:25:13,1900-01-00 00:00:00,BELL765,0C:AC:8A:A1:96:3D,-58, WPA2 ,0.000000,0.000000,0.000,0.000,AP
2024-01-06 14:25:13,1900-01-00 00:00:00,BELL765,0C:AC:8A:A1:96:3D,-58, WPA2 ,0.000000,0.000000,0.000,0.000,AP
2024-01-06 14:25:13,1900-01-00 00:00:00,BELL765,0C:AC:8A:A1:96:3D,-58, WPA2 ,0.000000,0.000000,0.000,0.000,AP
2024-01-06 14:25:13,1900-01-00 00:00:00,BELL765,0C:AC:8A:A1:96:3D,-58, WPA2 ,0.000000,0.000000,0.000,0.000,AP
2024-01-06 14:25:13,1900-01-00 00:00:00,BELL765,0C:AC:8A:A1:96:3D,-58, WPA2 ,0.000000,0.000000,0.000,0.000,AP
2024-01-06 14:25:13,1900-01-00 00:00:00,BELL765,0C:AC:8A:A1:96:3D,-59, WPA2 ,0.000000,0.000000,0.000,0.000,AP
2024-01-06 14:25:14,1900-01-00 00:00:00,BELL765,0C:AC:8A:A1:96:3D,-58, WPA2 ,0.000000,0.000000,0.000,0.000,AP
2024-01-06 14:25:14,1900-01-00 00:00:00,BELL765,0C:AC:8A:A1:96:3D,-59, WPA2 ,0.000000,0.000000,0.000,0.000,AP
2024-01-06 14:25:14,1900-01-00 00:00:00,BELL765,0C:AC:8A:A1:96:3D,-53, WPA2 ,0.000000,0.000000,0.000,0.000,AP
2024-01-06 14:25:14,1900-01-00 00:00:00,BELL765,0C:AC:8A:A1:96:3D,-54, WPA2 ,0.000000,0.000000,0.000,0.000,AP
2024-01-06 14:25:14,1900-01-00 00:00:00,BELL765,0C:AC:8A:A1:96:3D,-51, WPA2 ,0.000000,0.000000,0.000,0.000,AP
2024-01-06 14:25:14,1900-01-00 00:00:00,BELL765,0C:AC:8A:A1:96:3D,-49, WPA2 ,0.000000,0.000000,0.000,0.000,AP
2024-01-06 14:25:14,1900-01-00 00:00:00,BELL765,0C:AC:8A:A1:96:3D,-53, WPA2 ,0.000000,0.000000,0.000,0.000,AP
2024-01-06 14:25:14,1900-01-00 00:00:00,BELL765,0C:AC:8A:A1:96:3D,-54, WPA2 ,0.000000,0.000000,0.000,0.000,AP
2024-01-06 14:25:14,1900-01-00 00:00:00,BELL765,0C:AC:8A:A1:96:3D,-54, WPA2 ,0.000000,0.000000,0.000,0.000,AP
2024-01-06 14:25:14,1900-01-00 00:00:00,BELL765,0C:AC:8A:A1:96:3D,-56, WPA2 ,0.000000,0.000000,0.000,0.000,AP
2024-01-06 14:25:15,1900-01-00 00:00:00,BELL765,0C:AC:8A:A1:96:3D,-55, WPA2 ,0.000000,0.000000,0.000,0.000,AP
2024-01-06 14:25:15,1900-01-00 00:00:00,BELL765,0C:AC:8A:A1:96:3D,-56, WPA2 ,0.000000,0.000000,0.000,0.000,AP
2024-01-06 14:25:15,1900-01-00 00:00:00,BELL765,0C:AC:8A:A1:96:3D,-57, WPA2 ,0.000000,0.000000,0.000,0.000,AP
2024-01-06 14:25:15,1900-01-00 00:00:00,BELL765,0C:AC:8A:A1:96:3D,-57, WPA2 ,0.000000,0.000000,0.000,0.000,AP
2024-01-06 14:25:15,1900-01-00 00:00:00,BELL765,0C:AC:8A:A1:96:3D,-56, WPA2 ,0.000000,0.000000,0.000,0.000,AP
2024-01-06 14:25:15,1900-01-00 00:00:00,BELL765,0C:AC:8A:A1:96:3D,-54, WPA2 ,0.000000,0.000000,0.000,0.000,AP
2024-01-06 14:25:15,1900-01-00 00:00:00,BELL765,0C:AC:8A:A1:96:3D,-56, WPA2 ,0.000000,0.000000,0.000,0.000,AP
2024-01-06 14:25:15,1900-01-00 00:00:00,BELL765,0C:AC:8A:A1:96:3D,-53, WPA2 ,0.000000,0.000000,0.000,0.000,AP
2024-01-06 14:25:15,1900-01-00 00:00:00,BELL765,0C:AC:8A:A1:96:3D,-53, WPA2 ,0.000000,0.000000,0.000,0.000,AP
2024-01-06 14:25:15,1900-01-00 00:00:00,BELL765,0C:AC:8A:A1:96:3D,-51, WPA2 ,0.000000,0.000000,0.000,0.000,AP
2024-01-06 14:25:15,1900-01-00 00:00:00,BELL765,0C:AC:8A:A1:96:3D,-51, WPA2 ,0.000000,0.000000,0.000,0.000,AP
2024-01-06 14:25:16,1900-01-00 00:00:00,BELL765,0C:AC:8A:A1:96:3D,-53, WPA2 ,0.000000,0.000000,0.000,0.000,AP
2024-01-06 14:25:16,1900-01-00 00:00:00,BELL765,0C:AC:8A:A1:96:3D,-53, WPA2 ,0.000000,0.000000,0.000,0.000,AP
2024-01-06 14:25:16,1900-01-00 00:00:00,BELL765,0C:AC:8A:A1:96:3D,-55, WPA2 ,0.000000,0.000000,0.000,0.000,AP
2024-01-06 14:25:16,1900-01-00 00:00:00,BELL765,0C:AC:8A:A1:96:3D,-55, WPA2 ,0.000000,0.000000,0.000,0.000,AP
2024-01-06 14:25:16,1900-01-00 00:00:00,BELL765,0C:AC:8A:A1:96:3D,-52, WPA2 ,0.000000,0.000000,0.000,0.000,AP
2024-01-06 14:25:16,1900-01-00 00:00:00,BELL765,0C:AC:8A:A1:96:3D,-51, WPA2 ,0.000000,0.000000,0.000,0.000,AP
2024-01-06 14:25:16,1900-01-00 00:00:00,BELL765,0C:AC:8A:A1:96:3D,-49, WPA2 ,0.000000,0.000000,0.000,0.000,AP
2024-01-06 14:25:16,1900-01-00 00:00:00,BELL765,0C:AC:8A:A1:96:3D,-49, WPA2 ,0.000000,0.000000,0.000,0.000,AP
2024-01-06 14:25:16,1900-01-00 00:00:00,BELL765,0C:AC:8A:A1:96:3D,-51, WPA2 ,0.000000,0.000000,0.000,0.000,AP
2024-01-06 14:25:16,1900-01-00 00:00:00,BELL765,0C:AC:8A:A1:96:3D,-56, WPA2 ,0.000000,0.000000,0.000,0.000,AP
2024-01-06 14:25:17,1900-01-00 00:00:00,BELL765,0C:AC:8A:A1:96:3D,-57, WPA2 ,0.000000,0.000000,0.000,0.000,AP
2024-01-06 14:25:17,1900-01-00 00:00:00,BELL765,0C:AC:8A:A1:96:3D,-57, WPA2 ,0.000000,0.000000,0.000,0.000,AP
2024-01-06 14:25:17,1900-01-00 00:00:00,BELL765,0C:AC:8A:A1:96:3D,-57, WPA2 ,0.000000,0.000000,0.000,0.000,AP
2024-01-06 14:25:17,1900-01-00 00:00:00,BELL765,0C:AC:8A:A1:96:3D,-54, WPA2 ,0.000000,0.000000,0.000,0.000,AP
2024-01-06 14:25:17,1900-01-00 00:00:00,BELL765,0C:AC:8A:A1:96:3D,-56, WPA2 ,0.000000,0.000000,0.000,0.000,AP
2024-01-06 14:25:17,1900-01-00 00:00:00,BELL765,0C:AC:8A:A1:96:3D,-50, WPA2 ,0.000000,0.000000,0.000,0.000,AP
2024-01-06 14:25:17,1900-01-00 00:00:00,BELL765,0C:AC:8A:A1:96:3D,-50, WPA2 ,0.000000,0.000000,0.000,0.000,AP
2024-01-06 14:25:17,1900-01-00 00:00:00,BELL765,0C:AC:8A:A1:96:3D,-48, WPA2 ,0.000000,0.000000,0.000,0.000,AP
2024-01-06 14:25:17,1900-01-00 00:00:00,BELL765,0C:AC:8A:A1:96:3D,-49, WPA2 ,0.000000,0.000000,0.000,0.000,AP
2024-01-06 14:25:17,1900-01-00 00:00:00,BELL765,0C:AC:8A:A1:96:3D,-49, WPA2 ,0.000000,0.000000,0.000,0.000,AP
2024-01-06 14:25:17,1900-01-00 00:00:00,BELL765,0C:AC:8A:A1:96:3D,-48, WPA2 ,0.000000,0.000000,0.000,0.000,AP
2024-01-06 14:25:17,1900-01-00 00:00:00,BELL765,0C:AC:8A:A1:96:3D,-49, WPA2 ,0.000000,0.000000,0.000,0.000,AP
2024-01-06 14:25:17,1900-01-00 00:00:00,BELL765,0C:AC:8A:A1:96:3D,-55, WPA2 ,0.000000,0.000000,0.000,0.000,AP
2024-01-06 14:25:17,1900-01-00 00:00:00,BELL765,0C:AC:8A:A1:96:3D,-55, WPA2 ,0.000000,0.000000,0.000,0.000,AP
2024-01-06 14:25:18,1900-01-00 00:00:00,BELL765,0C:AC:8A:A1:96:3D,-49, WPA2 ,0.000000,0.000000,0.000,0.000,AP
2024-01-06 14:25:18,1900-01-00 00:00:00,BELL765,0C:AC:8A:A1:96:3D,-48, WPA2 ,0.000000,0.000000,0.000,0.000,AP
2024-01-06 14:25:18,1900-01-00 00:00:00,BELL765,0C:AC:8A:A1:96:3D,-48, WPA2 ,0.000000,0.000000,0.000,0.000,AP
2024-01-06 14:25:18,1900-01-00 00:00:00,BELL765,0C:AC:8A:A1:96:3D,-51, WPA2 ,0.000000,0.000000,0.000,0.000,AP
2024-01-06 14:25:18,1900-01-00 00:00:00,BELL765,0C:AC:8A:A1:96:3D,-50, WPA2 ,0.000000,0.000000,0.000,0.000,AP
2024-01-06 14:25:18,1900-01-00 00:00:00,BELL765,0C:AC:8A:A1:96:3D,-49, WPA2 ,0.000000,0.000000,0.000,0.000,AP
2024-01-06 14:25:18,1900-01-00 00:00:00,BELL765,0C:AC:8A:A1:96:3D,-48, WPA2 ,0.000000,0.000000,0.000,0.000,AP
2024-01-06 14:25:18,1900-01-00 00:00:00,BELL765,0C:AC:8A:A1:96:3D,-49, WPA2 ,0.000000,0.000000,0.000,0.000,AP
2024-01-06 14:25:18,1900-01-00 00:00:00,BELL765,0C:AC:8A:A1:96:3D,-50, WPA2 ,0.000000,0.000000,0.000,0.000,AP
2024-01-06 14:25:18,1900-01-00 00:00:00,BELL765,0C:AC:8A:A1:96:3D,-50, WPA2 ,0.000000,0.000000,0.000,0.000,AP
2024-01-06 14:25:19,1900-01-00 00:00:00,BELL765,0C:AC:8A:A1:96:3D,-49, WPA2 ,0.000000,0.000000,0.000,0.000,AP
2024-01-06 14:25:19,1900-01-00 00:00:00,BELL765,0C:AC:8A:A1:96:3D,-48, WPA2 ,0.000000,0.000000,0.000,0.000,AP
2024-01-06 14:25:19,1900-01-00 00:00:00,BELL765,0C:AC:8A:A1:96:3D,-48, WPA2 ,0.000000,0.000000,0.000,0.000,AP
2024-01-06 14:25:19,1900-01-00 00:00:00,BELL765,0C:AC:8A:A1:96:3D,-48, WPA2 ,0.000000,0.000000,0.000,0.000,AP
2024-01-06 14:25:19,1900-01-00 00:00:00,BELL765,0C:AC:8A:A1:96:3D,-48, WPA2 ,0.000000,0.000000,0.000,0.000,AP
2024-01-06 14:25:19,1900-01-00 00:00:00,BELL765,0C:AC:8A:A1:96:3D,-47, WPA2 ,0.000000,0.000000,0.000,0.000,AP
2024-01-06 14:25:19,1900-01-00 00:00:00,BELL765,0C:AC:8A:A1:96:3D,-48, WPA2 ,0.000000,0.000000,0.000,0.000,AP
2024-01-06 14:25:19,1900-01-00 00:00:00,BELL765,0C:AC:8A:A1:96:3D,-48, WPA2 ,0.000000,0.000000,0.000,0.000,AP
2024-01-06 14:25:19,1900-01-00 00:00:00,BELL765,0C:AC:8A:A1:96:3D,-45, WPA2 ,0.000000,0.000000,0.000,0.000,AP
2024-01-06 14:25:19,1900-01-00 00:00:00,BELL765,0C:AC:8A:A1:96:3D,-45, WPA2 ,0.000000,0.000000,0.000,0.000,AP
2024-01-06 14:25:19,1900-01-00 00:00:00,BELL765,0C:AC:8A:A1:96:3D,-46, WPA2 ,0.000000,0.000000,0.000,0.000,AP
2024-01-06 14:25:20,1900-01-00 00:00:00,BELL765,0C:AC:8A:A1:96:3D,-47, WPA2 ,0.000000,0.000000,0.000,0.000,AP
2024-01-06 14:25:20,1900-01-00 00:00:00,BELL765,0C:AC:8A:A1:96:3D,-46, WPA2 ,0.000000,0.000000,0.000,0.000,AP
2024-01-06 14:25:20,1900-01-00 00:00:00,BELL765,0C:AC:8A:A1:96:3D,-46, WPA2 ,0.000000,0.000000,0.000,0.000,AP
2024-01-06 14:25:20,1900-01-00 00:00:00,BELL765,0C:AC:8A:A1:96:3D,-44, WPA2 ,0.000000,0.000000,0.000,0.000,AP
2024-01-06 14:25:20,1900-01-00 00:00:00,BELL765,0C:AC:8A:A1:96:3D,-44, WPA2 ,0.000000,0.000000,0.000,0.000,AP
2024-01-06 14:25:20,1900-01-00 00:00:00,BELL765,0C:AC:8A:A1:96:3D,-44, WPA2 ,0.000000,0.000000,0.000,0.000,AP
2024-01-06 14:25:20,1900-01-00 00:00:00,BELL765,0C:AC:8A:A1:96:3D,-44, WPA2 ,0.000000,0.000000,0.000,0.000,AP
2024-01-06 14:25:20,1900-01-00 00:00:00,BELL765,0C:AC:8A:A1:96:3D,-43, WPA2 ,0.000000,0.000000,0.000,0.000,AP
2024-01-06 14:25:20,1900-01-00 00:00:00,BELL765,0C:AC:8A:A1:96:3D,-44, WPA2 ,0.000000,0.000000,0.000,0.000,AP
2024-01-06 14:25:20,1900-01-00 00:00:00,BELL765,0C:AC:8A:A1:96:3D,-43, WPA2 ,0.000000,0.000000,0.000,0.000,AP
2024-01-06 14:25:20,1900-01-00 00:00:00,BELL765,0C:AC:8A:A1:96:3D,-43, WPA2 ,0.000000,0.000000,0.000,0.000,AP
2024-01-06 14:25:20,1900-01-00 00:00:00,BELL765,0C:AC:8A:A1:96:3D,-45, WPA2 ,0.000000,0.000000,0.000,0.000,AP
2024-01-06 14:25:20,1900-01-00 00:00:00,BELL765,0C:AC:8A:A1:96:3D,-44, WPA2 ,0.000000,0.000000,0.000,0.000,AP
2024-01-06 14:25:20,1900-01-00 00:00:00,BELL765,0C:AC:8A:A1:96:3D,-45, WPA2 ,0.000000,0.000000,0.000,0.000,AP
2024-01-06 14:25:20,1900-01-00 00:00:00,BELL765,0C:AC:8A:A1:96:3D,-45, WPA2 ,0.000000,0.000000,0.000,0.000,AP
2024-01-06 14:25:20,1900-01-00 00:00:00,BELL765,0C:AC:8A:A1:96:3D,-45, WPA2 ,0.000000,0.000000,0.000,0.000,AP
2024-01-06 14:25:20,1900-01-00 00:00:00,BELL765,0C:AC:8A:A1:96:3D,-46, WPA2 ,0.000000,0.000000,0.000,0.000,AP
2024-01-06 14:25:20,1900-01-00 00:00:00,BELL765,0C:AC:8A:A1:96:3D,-45, WPA2 ,0.000000,0.000000,0.000,0.000,AP
2024-01-06 14:25:20,1900-01-00 00:00:00,BELL765,0C:AC:8A:A1:96:3D,-45, WPA2 ,0.000000,0.000000,0.000,0.000,AP
2024-01-06 14:25:20,1900-01-00 00:00:00,BELL765,0C:AC:8A:A1:96:3D,-44, WPA2 ,0.000000,0.000000,0.000,0.000,AP
2024-01-06 14:25:21,1900-01-00 00:00:00,BELL765,0C:AC:8A:A1:96:3D,-44, WPA2 ,0.000000,0.000000,0.000,0.000,AP
2024-01-06 14:25:21,1900-01-00 00:00:00,BELL765,0C:AC:8A:A1:96:3D,-45, WPA2 ,0.000000,0.000000,0.000,0.000,AP
2024-01-06 14:25:21,1900-01-00 00:00:00,BELL765,0C:AC:8A:A1:96:3D,-46, WPA2 ,0.000000,0.000000,0.000,0.000,AP
2024-01-06 14:25:21,1900-01-00 00:00:00,BELL765,0C:AC:8A:A1:96:3D,-45, WPA2 ,0.000000,0.000000,0.000,0.000,AP
2024-01-06 14:25:21,1900-01-00 00:00:00,BELL765,0C:AC:8A:A1:96:3D,-45, WPA2 ,0.000000,0.000000,0.000,0.000,AP
2024-01-06 14:25:21,1900-01-00 00:00:00,BELL765,0C:AC:8A:A1:96:3D,-45, WPA2 ,0.000000,0.000000,0.000,0.000,AP
2024-01-06 14:25:21,1900-01-00 00:00:00,BELL765,0C:AC:8A:A1:96:3D,-44, WPA2 ,0.000000,0.000000,0.000,0.000,AP
2024-01-06 14:25:21,1900-01-00 00:00:00,BELL765,0C:AC:8A:A1:96:3D,-44, WPA2 ,0.000000,0.000000,0.000,0.000,AP
2024-01-06 14:25:21,1900-01-00 00:00:00,BELL765,0C:AC:8A:A1:96:3D,-45, WPA2 ,0.000000,0.000000,0.000,0.000,AP
2024-01-06 14:25:21,1900-01-00 00:00:00,BELL765,0C:AC:8A:A1:96:3D,-46, WPA2 ,0.000000,0.000000,0.000,0.000,AP
2024-01-06 14:25:21,1900-01-00 00:00:00,BELL765,0C:AC:8A:A1:96:3D,-44, WPA2 ,0.000000,0.000000,0.000,0.000,AP
2024-01-06 14:25:21,1900-01-00 00:00:00,BELL765,0C:AC:8A:A1:96:3D,-44, WPA2 ,0.000000,0.000000,0.000,0.000,AP
2024-01-06 14:25:21,1900-01-00 00:00:00,BELL765,0C:AC:8A:A1:96:3D,-44, WPA2 ,0.000000,0.000000,0.000,0.000,AP
2024-01-06 14:25:21,1900-01-00 00:00:00,BELL765,0C:AC:8A:A1:96:3D,-44, WPA2 ,0.000000,0.000000,0.000,0.000,AP
2024-01-06 14:25:21,1900-01-00 00:00:00,BELL765,0C:AC:8A:A1:96:3D,-45, WPA2 ,0.000000,0.000000,0.000,0.000,AP
2024-01-06 14:25:21,1900-01-00 00:00:00,BELL765,0C:AC:8A:A1:96:3D,-45, WPA2 ,0.000000,0.000000,0.000,0.000,AP
2024-01-06 14:25:21,1900-01-00 00:00:00,BELL765,0C:AC:8A:A1:96:3D,-46, WPA2 ,0.000000,0.000000,0.000,0.000,AP
2024-01-06 14:25:21,1900-01-00 00:00:00,BELL765,0C:AC:8A:A1:96:3D,-47, WPA2 ,0.000000,0.000000,0.000,0.000,AP
2024-01-06 14:25:21,1900-01-00 00:00:00,BELL765,0C:AC:8A:A1:96:3D,-44, WPA2 ,0.000000,0.000000,0.000,0.000,AP
2024-01-06 14:25:22,1900-01-00 00:00:00,BELL765,0C:AC:8A:A1:96:3D,-46, WPA2 ,0.000000,0.000000,0.000,0.000,AP
2024-01-06 14:25:22,1900-01-00 00:00:00,BELL765,0C:AC:8A:A1:96:3D,-45, WPA2 ,0.000000,0.000000,0.000,0.000,AP
2024-01-06 14:25:22,1900-01-00 00:00:00,BELL765,0C:AC:8A:A1:96:3D,-46, WPA2 ,0.000000,0.000000,0.000,0.000,AP
2024-01-06 14:25:22,1900-01-00 00:00:00,BELL765,0C:AC:8A:A1:96:3D,-47, WPA2 ,0.000000,0.000000,0.000,0.000,AP
2024-01-06 14:25:22,1900-01-00 00:00:00,BELL765,0C:AC:8A:A1:96:3D,-44, WPA2 ,0.000000,0.000000,0.000,0.000,AP
2024-01-06 14:25:22,1900-01-00 00:00:00,BELL765,0C:AC:8A:A1:96:3D,-44, WPA2 ,0.000000,0.000000,0.000,0.000,AP
2024-01-06 14:25:22,1900-01-00 00:00:00,BELL765,0C:AC:8A:A1:96:3D,-45, WPA2 ,0.000000,0.000000,0.000,0.000,AP
2024-01-06 14:25:22,1900-01-00 00:00:00,BELL765,0C:AC:8A:A1:96:3D,-47, WPA2 ,0.000000,0.000000,0.000,0.000,AP
2024-01-06 14:25:22,1900-01-00 00:00:00,BELL765,0C:AC:8A:A1:96:3D,-47, WPA2 ,0.000000,0.000000,0.000,0.000,AP
2024-01-06 14:25:22,1900-01-00 00:00:00,BELL765,0C:AC:8A:A1:96:3D,-46, WPA2 ,0.000000,0.000000,0.000,0.000,AP
2024-01-06 14:25:22,1900-01-00 00:00:00,BELL765,0C:AC:8A:A1:96:3D,-47, WPA2 ,0.000000,0.000000,0.000,0.000,AP
2024-01-06 14:25:23,1900-01-00 00:00:00,BELL765,0C:AC:8A:A1:96:3D,-50, WPA2 ,0.000000,0.000000,0.000,0.000,AP
2024-01-06 14:25:23,1900-01-00 00:00:00,BELL765,0C:AC:8A:A1:96:3D,-48, WPA2 ,0.000000,0.000000,0.000,0.000,AP
2024-01-06 14:25:23,1900-01-00 00:00:00,BELL765,0C:AC:8A:A1:96:3D,-46, WPA2 ,0.000000,0.000000,0.000,0.000,AP
2024-01-06 14:25:23,1900-01-00 00:00:00,BELL765,0C:AC:8A:A1:96:3D,-45, WPA2 ,0.000000,0.000000,0.000,0.000,AP
2024-01-06 14:25:23,1900-01-00 00:00:00,BELL765,0C:AC:8A:A1:96:3D,-47, WPA2 ,0.000000,0.000000,0.000,0.000,AP
2024-01-06 14:25:23,1900-01-00 00:00:00,BELL765,0C:AC:8A:A1:96:3D,-46, WPA2 ,0.000000,0.000000,0.000,0.000,AP
2024-01-06 14:25:23,1900-01-00 00:00:00,BELL765,0C:AC:8A:A1:96:3D,-46, WPA2 ,0.000000,0.000000,0.000,0.000,AP
2024-01-06 14:25:23,1900-01-00 00:00:00,BELL765,0C:AC:8A:A1:96:3D,-49, WPA2 ,0.000000,0.000000,0.000,0.000,AP
2024-01-06 14:25:23,1900-01-00 00:00:00,BELL765,0C:AC:8A:A1:96:3D,-47, WPA2 ,0.000000,0.000000,0.000,0.000,AP
2024-01-06 14:25:23,1900-01-00 00:00:00,BELL765,0C:AC:8A:A1:96:3D,-49, WPA2 ,0.000000,0.000000,0.000,0.000,AP
2024-01-06 14:25:23,1900-01-00 00:00:00,BELL765,0C:AC:8A:A1:96:3D,-48, WPA2 ,0.000000,0.000000,0.000,0.000,AP
2024-01-06 14:25:24,1900-01-00 00:00:00,BELL765,0C:AC:8A:A1:96:3D,-47, WPA2 ,0.000000,0.000000,0.000,0.000,AP
2024-01-06 14:25:24,1900-01-00 00:00:00,BELL765,0C:AC:8A:A1:96:3D,-46, WPA2 ,0.000000,0.000000,0.000,0.000,AP
2024-01-06 14:25:24,1900-01-00 00:00:00,BELL765,0C:AC:8A:A1:96:3D,-48, WPA2 ,0.000000,0.000000,0.000,0.000,AP
2024-01-06 14:25:24,1900-01-00 00:00:00,BELL765,0C:AC:8A:A1:96:3D,-46, WPA2 ,0.000000,0.000000,0.000,0.000,AP
2024-01-06 14:25:24,1900-01-00 00:00:00,BELL765,0C:AC:8A:A1:96:3D,-46, WPA2 ,0.000000,0.000000,0.000,0.000,AP
2024-01-06 14:25:24,1900-01-00 00:00:00,BELL765,0C:AC:8A:A1:96:3D,-45, WPA2 ,0.000000,0.000000,0.000,0.000,AP
2024-01-06 14:25:24,1900-01-00 00:00:00,BELL765,0C:AC:8A:A1:96:3D,-45, WPA2 ,0.000000,0.000000,0.000,0.000,AP
2024-01-06 14:25:24,1900-01-00 00:00:00,BELL765,0C:AC:8A:A1:96:3D,-47, WPA2 ,0.000000,0.000000,0.000,0.000,AP
2024-01-06 14:25:24,1900-01-00 00:00:00,BELL765,0C:AC:8A:A1:96:3D,-46, WPA2 ,0.000000,0.000000,0.000,0.000,AP
2024-01-06 14:25:25,1900-01-00 00:00:00,BELL765,0C:AC:8A:A1:96:3D,-46, WPA2 ,0.000000,0.000000,0.000,0.000,AP
2024-01-06 14:25:25,1900-01-00 00:00:00,BELL765,0C:AC:8A:A1:96:3D,-46, WPA2 ,0.000000,0.000000,0.000,0.000,AP
2024-01-06 14:25:25,1900-01-00 00:00:00,BELL765,0C:AC:8A:A1:96:3D,-46, WPA2 ,0.000000,0.000000,0.000,0.000,AP
2024-01-06 14:25:25,1900-01-00 00:00:00,BELL765,0C:AC:8A:A1:96:3D,-46, WPA2 ,0.000000,0.000000,0.000,0.000,AP
2024-01-06 14:25:25,1900-01-00 00:00:00,BELL765,0C:AC:8A:A1:96:3D,-47, WPA2 ,0.000000,0.000000,0.000,0.000,AP
2024-01-06 14:25:25,1900-01-00 00:00:00,BELL765,0C:AC:8A:A1:96:3D,-47, WPA2 ,0.000000,0.000000,0.000,0.000,AP
2024-01-06 14:25:25,1900-01-00 00:00:00,BELL765,0C:AC:8A:A1:96:3D,-44, WPA2 ,0.000000,0.000000,0.000,0.000,AP
2024-01-06 14:25:25,1900-01-00 00:00:00,BELL765,0C:AC:8A:A1:96:3D,-44, WPA2 ,0.000000,0.000000,0.000,0.000,AP
2024-01-06 14:25:25,1900-01-00 00:00:00,BELL765,0C:AC:8A:A1:96:3D,-45, WPA2 ,0.000000,0.000000,0.000,0.000,AP
2024-01-06 14:25:25,1900-01-00 00:00:00,BELL765,0C:AC:8A:A1:96:3D,-47, WPA2 ,0.000000,0.000000,0.000,0.000,AP
2024-01-06 14:25:25,1900-01-00 00:00:00,BELL765,0C:AC:8A:A1:96:3D,-50, WPA2 ,0.000000,0.000000,0.000,0.000,AP
2024-01-06 14:25:25,1900-01-00 00:00:00,BELL765,0C:AC:8A:A1:96:3D,-52, WPA2 ,0.000000,0.000000,0.000,0.000,AP
2024-01-06 14:25:25,1900-01-00 00:00:00,BELL765,0C:AC:8A:A1:96:3D,-48, WPA2 ,0.000000,0.000000,0.000,0.000,AP
2024-01-06 14:25:25,1900-01-00 00:00:00,BELL765,0C:AC:8A:A1:96:3D,-48, WPA2 ,0.000000,0.000000,0.000,0.000,AP
2024-01-06 14:25:25,1900-01-00 00:00:00,BELL765,0C:AC:8A:A1:96:3D,-46, WPA2 ,0.000000,0.000000,0.000,0.000,AP
2024-01-06 14:25:26,1900-01-00 00:00:00,BELL765,0C:AC:8A:A1:96:3D,-46, WPA2 ,0.000000,0.000000,0.000,0.000,AP
2024-01-06 14:25:26,1900-01-00 00:00:00,BELL765,0C:AC:8A:A1:96:3D,-46, WPA2 ,0.000000,0.000000,0.000,0.000,AP
2024-01-06 14:25:26,1900-01-00 00:00:00,BELL765,0C:AC:8A:A1:96:3D,-49, WPA2 ,0.000000,0.000000,0.000,0.000,AP
2024-01-06 14:25:26,1900-01-00 00:00:00,BELL765,0C:AC:8A:A1:96:3D,-50, WPA2 ,0.000000,0.000000,0.000,0.000,AP
2024-01-06 14:25:26,1900-01-00 00:00:00,BELL765,0C:AC:8A:A1:96:3D,-45, WPA2 ,0.000000,0.000000,0.000,0.000,AP
2024-01-06 14:25:26,1900-01-00 00:00:00,BELL765,0C:AC:8A:A1:96:3D,-48, WPA2 ,0.000000,0.000000,0.000,0.000,AP
2024-01-06 14:25:26,1900-01-00 00:00:00,BELL765,0C:AC:8A:A1:96:3D,-47, WPA2 ,0.000000,0.000000,0.000,0.000,AP
2024-01-06 14:25:26,1900-01-00 00:00:00,BELL765,0C:AC:8A:A1:96:3D,-49, WPA2 ,0.000000,0.000000,0.000,0.000,AP
2024-01-06 14:25:26,1900-01-00 00:00:00,BELL765,0C:AC:8A:A1:96:3D,-46, WPA2 ,0.000000,0.000000,0.000,0.000,AP
2024-01-06 14:25:26,1900-01-00 00:00:00,BELL765,0C:AC:8A:A1:96:3D,-47, WPA2 ,0.000000,0.000000,0.000,0.000,AP
2024-01-06 14:25:26,1900-01-00 00:00:00,BELL765,0C:AC:8A:A1:96:3D,-47, WPA2 ,0.000000,0.000000,0.000,0.000,AP
2024-01-06 14:25:27,1900-01-00 00:00:00,BELL765,0C:AC:8A:A1:96:3D,-46, WPA2 ,0.000000,0.000000,0.000,0.000,AP
2024-01-06 14:25:27,1900-01-00 00:00:00,BELL765,0C:AC:8A:A1:96:3D,-47, WPA2 ,0.000000,0.000000,0.000,0.000,AP
2024-01-06 14:25:27,1900-01-00 00:00:00,BELL765,0C:AC:8A:A1:96:3D,-49, WPA2 ,0.000000,0.000000,0.000,0.000,AP
2024-01-06 14:25:27,1900-01-00 00:00:00,BELL765,0C:AC:8A:A1:96:3D,-49, WPA2 ,0.000000,0.000000,0.000,0.000,AP
2024-01-06 14:25:27,1900-01-00 00:00:00,BELL765,0C:AC:8A:A1:96:3D,-47, WPA2 ,0.000000,0.000000,0.000,0.000,AP
2024-01-06 14:25:27,1900-01-00 00:00:00,BELL765,0C:AC:8A:A1:96:3D,-47, WPA2 ,0.000000,0.000000,0.000,0.000,AP
2024-01-06 14:25:27,1900-01-00 00:00:00,BELL765,0C:AC:8A:A1:96:3D,-49, WPA2 ,0.000000,0.000000,0.000,0.000,AP
2024-01-06 14:25:27,1900-01-00 00:00:00,BELL765,0C:AC:8A:A1:96:3D,-48, WPA2 ,0.000000,0.000000,0.000,0.000,AP
2024-01-06 14:25:27,1900-01-00 00:00:00,BELL765,0C:AC:8A:A1:96:3D,-48, WPA2 ,0.000000,0.000000,0.000,0.000,AP
2024-01-06 14:25:27,1900-01-00 00:00:00,BELL765,0C:AC:8A:A1:96:3D,-49, WPA2 ,0.000000,0.000000,0.000,0.000,AP
2024-01-06 14:25:27,1900-01-00 00:00:00,BELL765,0C:AC:8A:A1:96:3D,-51, WPA2 ,0.000000,0.000000,0.000,0.000,AP
2024-01-06 14:25:27,1900-01-00 00:00:00,BELL765,0C:AC:8A:A1:96:3D,-51, WPA2 ,0.000000,0.000000,0.000,0.000,AP
2024-01-06 14:25:28,1900-01-00 00:00:00,BELL765,0C:AC:8A:A1:96:3D,-49, WPA2 ,0.000000,0.000000,0.000,0.000,AP
2024-01-06 14:25:28,1900-01-00 00:00:00,BELL765,0C:AC:8A:A1:96:3D,-51, WPA2 ,0.000000,0.000000,0.000,0.000,AP
2024-01-06 14:25:28,1900-01-00 00:00:00,BELL765,0C:AC:8A:A1:96:3D,-50, WPA2 ,0.000000,0.000000,0.000,0.000,AP
2024-01-06 14:25:28,1900-01-00 00:00:00,BELL765,0C:AC:8A:A1:96:3D,-49, WPA2 ,0.000000,0.000000,0.000,0.000,AP
2024-01-06 14:25:28,1900-01-00 00:00:00,BELL765,0C:AC:8A:A1:96:3D,-51, WPA2 ,0.000000,0.000000,0.000,0.000,AP
2024-01-06 14:25:28,1900-01-00 00:00:00,BELL765,0C:AC:8A:A1:96:3D,-51, WPA2 ,0.000000,0.000000,0.000,0.000,AP
2024-01-06 14:25:28,1900-01-00 00:00:00,BELL765,0C:AC:8A:A1:96:3D,-49, WPA2 ,0.000000,0.000000,0.000,0.000,AP
2024-01-06 14:25:28,1900-01-00 00:00:00,BELL765,0C:AC:8A:A1:96:3D,-49, WPA2 ,0.000000,0.000000,0.000,0.000,AP
2024-01-06 14:25:28,1900-01-00 00:00:00,BELL765,0C:AC:8A:A1:96:3D,-49, WPA2 ,0.000000,0.000000,0.000,0.000,AP
2024-01-06 14:25:28,1900-01-00 00:00:00,BELL765,0C:AC:8A:A1:96:3D,-49, WPA2 ,0.000000,0.000000,0.000,0.000,AP
2024-01-06 14:25:29,1900-01-00 00:00:00,BELL765,0C:AC:8A:A1:96:3D,-48, WPA2 ,0.000000,0.000000,0.000,0.000,AP
2024-01-06 14:25:29,1900-01-00 00:00:00,BELL765,0C:AC:8A:A1:96:3D,-47, WPA2 ,0.000000,0.000000,0.000,0.000,AP
2024-01-06 14:25:29,1900-01-00 00:00:00,BELL765,0C:AC:8A:A1:96:3D,-49, WPA2 ,0.000000,0.000000,0.000,0.000,AP
2024-01-06 14:25:29,1900-01-00 00:00:00,BELL765,0C:AC:8A:A1:96:3D,-49, WPA2 ,0.000000,0.000000,0.000,0.000,AP
2024-01-06 14:25:29,1900-01-00 00:00:00,BELL765,0C:AC:8A:A1:96:3D,-50, WPA2 ,0.000000,0.000000,0.000,0.000,AP
2024-01-06 14:25:29,1900-01-00 00:00:00,BELL765,0C:AC:8A:A1:96:3D,-50, WPA2 ,0.000000,0.000000,0.000,0.000,AP
2024-01-06 14:25:29,1900-01-00 00:00:00,BELL765,0C:AC:8A:A1:96:3D,-49, WPA2 ,0.000000,0.000000,0.000,0.000,AP
2024-01-06 14:25:29,1900-01-00 00:00:00,BELL765,0C:AC:8A:A1:96:3D,-51, WPA2 ,0.000000,0.000000,0.000,0.000,AP
2024-01-06 14:25:29,1900-01-00 00:00:00,BELL765,0C:AC:8A:A1:96:3D,-51, WPA2 ,0.000000,0.000000,0.000,0.000,AP
2024-01-06 14:25:29,1900-01-00 00:00:00,BELL765,0C:AC:8A:A1:96:3D,-51, WPA2 ,0.000000,0.000000,0.000,0.000,AP
2024-01-06 14:25:29,1900-01-00 00:00:00,BELL765,0C:AC:8A:A1:96:3D,-50, WPA2 ,0.000000,0.000000,0.000,0.000,AP
2024-01-06 14:25:29,1900-01-00 00:00:00,BELL765,0C:AC:8A:A1:96:3D,-51, WPA2 ,0.000000,0.000000,0.000,0.000,AP
2024-01-06 14:25:30,1900-01-00 00:00:00,BELL765,0C:AC:8A:A1:96:3D,-49, WPA2 ,0.000000,0.000000,0.000,0.000,AP
2024-01-06 14:25:30,1900-01-00 00:00:00,BELL765,0C:AC:8A:A1:96:3D,-50, WPA2 ,0.000000,0.000000,0.000,0.000,AP
2024-01-06 14:25:30,1900-01-00 00:00:00,BELL765,0C:AC:8A:A1:96:3D,-49, WPA2 ,0.000000,0.000000,0.000,0.000,AP
2024-01-06 14:25:30,1900-01-00 00:00:00,BELL765,0C:AC:8A:A1:96:3D,-50, WPA2 ,0.000000,0.000000,0.000,0.000,AP
2024-01-06 14:25:30,1900-01-00 00:00:00,BELL765,0C:AC:8A:A1:96:3D,-49, WPA2 ,0.000000,0.000000,0.000,0.000,AP
2024-01-06 14:25:30,1900-01-00 00:00:00,BELL765,0C:AC:8A:A1:96:3D,-50, WPA2 ,0.000000,0.000000,0.000,0.000,AP
2024-01-06 14:25:30,1900-01-00 00:00:00,BELL765,0C:AC:8A:A1:96:3D,-49, WPA2 ,0.000000,0.000000,0.000,0.000,AP
2024-01-06 14:25:30,1900-01-00 00:00:00,BELL765,0C:AC:8A:A1:96:3D,-50, WPA2 ,0.000000,0.000000,0.000,0.000,AP
2024-01-06 14:25:30,1900-01-00 00:00:00,BELL765,0C:AC:8A:A1:96:3D,-49, WPA2 ,0.000000,0.000000,0.000,0.000,AP
2024-01-06 14:25:30,1900-01-00 00:00:00,BELL765,0C:AC:8A:A1:96:3D,-49, WPA2 ,0.000000,0.000000,0.000,0.000,AP
2024-01-06 14:25:31,1900-01-00 00:00:00,BELL765,0C:AC:8A:A1:96:3D,-48, WPA2 ,0.000000,0.000000,0.000,0.000,AP
2024-01-06 14:25:31,1900-01-00 00:00:00,BELL765,0C:AC:8A:A1:96:3D,-46, WPA2 ,0.000000,0.000000,0.000,0.000,AP
2024-01-06 14:25:31,1900-01-00 00:00:00,BELL765,0C:AC:8A:A1:96:3D,-45, WPA2 ,0.000000,0.000000,0.000,0.000,AP
2024-01-06 14:25:31,1900-01-00 00:00:00,BELL765,0C:AC:8A:A1:96:3D,-46, WPA2 ,0.000000,0.000000,0.000,0.000,AP
2024-01-06 14:25:31,1900-01-00 00:00:00,BELL765,0C:AC:8A:A1:96:3D,-46, WPA2 ,0.000000,0.000000,0.000,0.000,AP
2024-01-06 14:25:31,1900-01-00 00:00:00,BELL765,0C:AC:8A:A1:96:3D,-48, WPA2 ,0.000000,0.000000,0.000,0.000,AP
2024-01-06 14:25:31,1900-01-00 00:00:00,BELL765,0C:AC:8A:A1:96:3D,-48, WPA2 ,0.000000,0.000000,0.000,0.000,AP
2024-01-06 14:25:31,1900-01-00 00:00:00,BELL765,0C:AC:8A:A1:96:3D,-48, WPA2 ,0.000000,0.000000,0.000,0.000,AP
2024-01-06 14:25:31,1900-01-00 00:00:00,BELL765,0C:AC:8A:A1:96:3D,-47, WPA2 ,0.000000,0.000000,0.000,0.000,AP
2024-01-06 14:25:31,1900-01-00 00:00:00,BELL765,0C:AC:8A:A1:96:3D,-48, WPA2 ,0.000000,0.000000,0.000,0.000,AP
2024-01-06 14:25:32,1900-01-00 00:00:00,BELL765,0C:AC:8A:A1:96:3D,-49, WPA2 ,0.000000,0.000000,0.000,0.000,AP
2024-01-06 14:25:32,1900-01-00 00:00:00,BELL765,0C:AC:8A:A1:96:3D,-48, WPA2 ,0.000000,0.000000,0.000,0.000,AP
2024-01-06 14:25:32,1900-01-00 00:00:00,BELL765,0C:AC:8A:A1:96:3D,-47, WPA2 ,0.000000,0.000000,0.000,0.000,AP
2024-01-06 14:25:32,1900-01-00 00:00:00,BELL765,0C:AC:8A:A1:96:3D,-47, WPA2 ,0.000000,0.000000,0.000,0.000,AP
2024-01-06 14:25:32,1900-01-00 00:00:00,BELL765,0C:AC:8A:A1:96:3D,-49, WPA2 ,0.000000,0.000000,0.000,0.000,AP
2024-01-06 14:25:32,1900-01-00 00:00:00,BELL765,0C:AC:8A:A1:96:3D,-47, WPA2 ,0.000000,0.000000,0.000,0.000,AP
2024-01-06 14:25:32,1900-01-00 00:00:00,BELL765,0C:AC:8A:A1:96:3D,-47, WPA2 ,0.000000,0.000000,0.000,0.000,AP
2024-01-06 14:25:32,1900-01-00 00:00:00,BELL765,0C:AC:8A:A1:96:3D,-47, WPA2 ,0.000000,0.000000,0.000,0.000,AP
2024-01-06 14:25:32,1900-01-00 00:00:00,BELL765,0C:AC:8A:A1:96:3D,-47, WPA2 ,0.000000,0.000000,0.000,0.000,AP
2024-01-06 14:25:33,1900-01-00 00:00:00,BELL765,0C:AC:8A:A1:96:3D,-47, WPA2 ,0.000000,0.000000,0.000,0.000,AP
2024-01-06 14:25:33,1900-01-00 00:00:00,BELL765,0C:AC:8A:A1:96:3D,-46, WPA2 ,0.000000,0.000000,0.000,0.000,AP
2024-01-06 14:25:33,1900-01-00 00:00:00,BELL765,0C:AC:8A:A1:96:3D,-46, WPA2 ,0.000000,0.000000,0.000,0.000,AP
2024-01-06 14:25:33,1900-01-00 00:00:00,BELL765,0C:AC:8A:A1:96:3D,-46, WPA2 ,0.000000,0.000000,0.000,0.000,AP
2024-01-06 14:25:33,1900-01-00 00:00:00,BELL765,0C:AC:8A:A1:96:3D,-47, WPA2 ,0.000000,0.000000,0.000,0.000,AP
2024-01-06 14:25:33,1900-01-00 00:00:00,BELL765,0C:AC:8A:A1:96:3D,-47, WPA2 ,0.000000,0.000000,0.000,0.000,AP
2024-01-06 14:25:33,1900-01-00 00:00:00,BELL765,0C:AC:8A:A1:96:3D,-47, WPA2 ,0.000000,0.000000,0.000,0.000,AP
2024-01-06 14:25:33,1900-01-00 00:00:00,BELL765,0C:AC:8A:A1:96:3D,-46, WPA2 ,0.000000,0.000000,0.000,0.000,AP
2024-01-06 14:25:33,1900-01-00 00:00:00,BELL765,0C:AC:8A:A1:96:3D,-47, WPA2 ,0.000000,0.000000,0.000,0.000,AP
2024-01-06 14:25:34,1900-01-00 00:00:00,BELL765,0C:AC:8A:A1:96:3D,-48, WPA2 ,0.000000,0.000000,0.000,0.000,AP
2024-01-06 14:25:34,1900-01-00 00:00:00,BELL765,0C:AC:8A:A1:96:3D,-45, WPA2 ,0.000000,0.000000,0.000,0.000,AP
2024-01-06 14:25:34,1900-01-00 00:00:00,BELL765,0C:AC:8A:A1:96:3D,-44, WPA2 ,0.000000,0.000000,0.000,0.000,AP
2024-01-06 14:25:34,1900-01-00 00:00:00,BELL765,0C:AC:8A:A1:96:3D,-43, WPA2 ,0.000000,0.000000,0.000,0.000,AP
2024-01-06 14:25:34,1900-01-00 00:00:00,BELL765,0C:AC:8A:A1:96:3D,-47, WPA2 ,0.000000,0.000000,0.000,0.000,AP
2024-01-06 14:25:34,1900-01-00 00:00:00,BELL765,0C:AC:8A:A1:96:3D,-47, WPA2 ,0.000000,0.000000,0.000,0.000,AP
2024-01-06 14:25:35,1900-01-00 00:00:00,BELL765,0C:AC:8A:A1:96:3D,-47, WPA2 ,0.000000,0.000000,0.000,0.000,AP
2024-01-06 14:25:35,1900-01-00 00:00:00,BELL765,0C:AC:8A:A1:96:3D,-46, WPA2 ,0.000000,0.000000,0.000,0.000,AP
2024-01-06 14:25:35,1900-01-00 00:00:00,BELL765,0C:AC:8A:A1:96:3D,-47, WPA2 ,0.000000,0.000000,0.000,0.000,AP
2024-01-06 14:25:35,1900-01-00 00:00:00,BELL765,0C:AC:8A:A1:96:3D,-45, WPA2 ,0.000000,0.000000,0.000,0.000,AP
2024-01-06 14:25:35,1900-01-00 00:00:00,BELL765,0C:AC:8A:A1:96:3D,-47, WPA2 ,0.000000,0.000000,0.000,0.000,AP
2024-01-06 14:25:35,1900-01-00 00:00:00,BELL765,0C:AC:8A:A1:96:3D,-45, WPA2 ,0.000000,0.000000,0.000,0.000,AP
2024-01-06 14:25:35,1900-01-00 00:00:00,BELL765,0C:AC:8A:A1:96:3D,-47, WPA2 ,0.000000,0.000000,0.000,0.000,AP
2024-01-06 14:25:35,1900-01-00 00:00:00,BELL765,0C:AC:8A:A1:96:3D,-47, WPA2 ,0.000000,0.000000,0.000,0.000,AP
2024-01-06 14:25:35,1900-01-00 00:00:00,BELL765,0C:AC:8A:A1:96:3D,-50, WPA2 ,0.000000,0.000000,0.000,0.000,AP
2024-01-06 14:25:35,1900-01-00 00:00:00,BELL765,0C:AC:8A:A1:96:3D,-50, WPA2 ,0.000000,0.000000,0.000,0.000,AP
2024-01-06 14:25:35,1900-01-00 00:00:00,BELL765,0C:AC:8A:A1:96:3D,-49, WPA2 ,0.000000,0.000000,0.000,0.000,AP
2024-01-06 14:25:35,1900-01-00 00:00:00,BELL765,0C:AC:8A:A1:96:3D,-50, WPA2 ,0.000000,0.000000,0.000,0.000,AP
2024-01-06 14:25:35,1900-01-00 00:00:00,BELL765,0C:AC:8A:A1:96:3D,-49, WPA2 ,0.000000,0.000000,0.000,0.000,AP
2024-01-06 14:25:36,1900-01-00 00:00:00,BELL765,0C:AC:8A:A1:96:3D,-48, WPA2 ,0.000000,0.000000,0.000,0.000,AP
2024-01-06 14:25:36,1900-01-00 00:00:00,BELL765,0C:AC:8A:A1:96:3D,-48, WPA2 ,0.000000,0.000000,0.000,0.000,AP
2024-01-06 14:25:36,1900-01-00 00:00:00,BELL765,0C:AC:8A:A1:96:3D,-51, WPA2 ,0.000000,0.000000,0.000,0.000,AP
2024-01-06 14:25:36,1900-01-00 00:00:00,BELL765,0C:AC:8A:A1:96:3D,-49, WPA2 ,0.000000,0.000000,0.000,0.000,AP
2024-01-06 14:25:36,1900-01-00 00:00:00,BELL765,0C:AC:8A:A1:96:3D,-49, WPA2 ,0.000000,0.000000,0.000,0.000,AP
2024-01-06 14:25:36,1900-01-00 00:00:00,BELL765,0C:AC:8A:A1:96:3D,-49, WPA2 ,0.000000,0.000000,0.000,0.000,AP
2024-01-06 14:25:36,1900-01-00 00:00:00,BELL765,0C:AC:8A:A1:96:3D,-49, WPA2 ,0.000000,0.000000,0.000,0.000,AP
2024-01-06 14:25:36,1900-01-00 00:00:00,BELL765,0C:AC:8A:A1:96:3D,-48, WPA2 ,0.000000,0.000000,0.000,0.000,AP
2024-01-06 14:25:36,1900-01-00 00:00:00,BELL765,0C:AC:8A:A1:96:3D,-47, WPA2 ,0.000000,0.000000,0.000,0.000,AP
2024-01-06 14:25:36,1900-01-00 00:00:00,BELL765,0C:AC:8A:A1:96:3D,-47, WPA2 ,0.000000,0.000000,0.000,0.000,AP
2024-01-06 14:25:36,1900-01-00 00:00:00,BELL765,0C:AC:8A:A1:96:3D,-46, WPA2 ,0.000000,0.000000,0.000,0.000,AP
2024-01-06 14:25:36,1900-01-00 00:00:00,BELL765,0C:AC:8A:A1:96:3D,-47, WPA2 ,0.000000,0.000000,0.000,0.000,AP
2024-01-06 14:25:37,1900-01-00 00:00:00,BELL765,0C:AC:8A:A1:96:3D,-50, WPA2 ,0.000000,0.000000,0.000,0.000,AP
2024-01-06 14:25:37,1900-01-00 00:00:00,BELL765,0C:AC:8A:A1:96:3D,-49, WPA2 ,0.000000,0.000000,0.000,0.000,AP
2024-01-06 14:25:37,1900-01-00 00:00:00,BELL765,0C:AC:8A:A1:96:3D,-46, WPA2 ,0.000000,0.000000,0.000,0.000,AP
2024-01-06 14:25:37,1900-01-00 00:00:00,BELL765,0C:AC:8A:A1:96:3D,-47, WPA2 ,0.000000,0.000000,0.000,0.000,AP
2024-01-06 14:25:37,1900-01-00 00:00:00,BELL765,0C:AC:8A:A1:96:3D,-47, WPA2 ,0.000000,0.000000,0.000,0.000,AP
2024-01-06 14:25:37,1900-01-00 00:00:00,BELL765,0C:AC:8A:A1:96:3D,-47, WPA2 ,0.000000,0.000000,0.000,0.000,AP
2024-01-06 14:25:37,1900-01-00 00:00:00,BELL765,0C:AC:8A:A1:96:3D,-47, WPA2 ,0.000000,0.000000,0.000,0.000,AP
2024-01-06 14:25:37,1900-01-00 00:00:00,BELL765,0C:AC:8A:A1:96:3D,-47, WPA2 ,0.000000,0.000000,0.000,0.000,AP
2024-01-06 14:25:37,1900-01-00 00:00:00,BELL765,0C:AC:8A:A1:96:3D,-48, WPA2 ,0.000000,0.000000,0.000,0.000,AP
2024-01-06 14:25:37,1900-01-00 00:00:00,BELL765,0C:AC:8A:A1:96:3D,-47, WPA2 ,0.000000,0.000000,0.000,0.000,AP
2024-01-06 14:25:37,1900-01-00 00:00:00,BELL765,0C:AC:8A:A1:96:3D,-46, WPA2 ,0.000000,0.000000,0.000,0.000,AP
2024-01-06 14:25:37,1900-01-00 00:00:00,BELL765,0C:AC:8A:A1:96:3D,-49, WPA2 ,0.000000,0.000000,0.000,0.000,AP
2024-01-06 14:25:38,1900-01-00 00:00:00,BELL765,0C:AC:8A:A1:96:3D,-47, WPA2 ,0.000000,0.000000,0.000,0.000,AP
2024-01-06 14:25:38,1900-01-00 00:00:00,BELL765,0C:AC:8A:A1:96:3D,-48, WPA2 ,0.000000,0.000000,0.000,0.000,AP
2024-01-06 14:25:38,1900-01-00 00:00:00,BELL765,0C:AC:8A:A1:96:3D,-47, WPA2 ,0.000000,0.000000,0.000,0.000,AP
2024-01-06 14:25:38,1900-01-00 00:00:00,BELL765,0C:AC:8A:A1:96:3D,-48, WPA2 ,0.000000,0.000000,0.000,0.000,AP
2024-01-06 14:25:38,1900-01-00 00:00:00,BELL765,0C:AC:8A:A1:96:3D,-49, WPA2 ,0.000000,0.000000,0.000,0.000,AP
2024-01-06 14:25:38,1900-01-00 00:00:00,BELL765,0C:AC:8A:A1:96:3D,-47, WPA2 ,0.000000,0.000000,0.000,0.000,AP
2024-01-06 14:25:38,1900-01-00 00:00:00,BELL765,0C:AC:8A:A1:96:3D,-46, WPA2 ,0.000000,0.000000,0.000,0.000,AP
2024-01-06 14:25:38,1900-01-00 00:00:00,BELL765,0C:AC:8A:A1:96:3D,-45, WPA2 ,0.000000,0.000000,0.000,0.000,AP
2024-01-06 14:25:38,1900-01-00 00:00:00,BELL765,0C:AC:8A:A1:96:3D,-46, WPA2 ,0.000000,0.000000,0.000,0.000,AP
2024-01-06 14:25:39,1900-01-00 00:00:00,BELL765,0C:AC:8A:A1:96:3D,-45, WPA2 ,0.000000,0.000000,0.000,0.000,AP
2024-01-06 14:25:39,1900-01-00 00:00:00,BELL765,0C:AC:8A:A1:96:3D,-44, WPA2 ,0.000000,0.000000,0.000,0.000,AP
2024-01-06 14:25:39,1900-01-00 00:00:00,BELL765,0C:AC:8A:A1:96:3D,-46, WPA2 ,0.000000,0.000000,0.000,0.000,AP
2024-01-06 14:25:39,1900-01-00 00:00:00,BELL765,0C:AC:8A:A1:96:3D,-45, WPA2 ,0.000000,0.000000,0.000,0.000,AP
2024-01-06 14:25:39,1900-01-00 00:00:00,BELL765,0C:AC:8A:A1:96:3D,-45, WPA2 ,0.000000,0.000000,0.000,0.000,AP
2024-01-06 14:25:39,1900-01-00 00:00:00,BELL765,0C:AC:8A:A1:96:3D,-45, WPA2 ,0.000000,0.000000,0.000,0.000,AP
2024-01-06 14:25:39,1900-01-00 00:00:00,BELL765,0C:AC:8A:A1:96:3D,-45, WPA2 ,0.000000,0.000000,0.000,0.000,AP
2024-01-06 14:25:39,1900-01-00 00:00:00,BELL765,0C:AC:8A:A1:96:3D,-46, WPA2 ,0.000000,0.000000,0.000,0.000,AP
2024-01-06 14:25:39,1900-01-00 00:00:00,BELL765,0C:AC:8A:A1:96:3D,-45, WPA2 ,0.000000,0.000000,0.000,0.000,AP
2024-01-06 14:25:39,1900-01-00 00:00:00,BELL765,0C:AC:8A:A1:96:3D,-45, WPA2 ,0.000000,0.000000,0.000,0.000,AP
2024-01-06 14:25:39,1900-01-00 00:00:00,BELL765,0C:AC:8A:A1:96:3D,-45, WPA2 ,0.000000,0.000000,0.000,0.000,AP
2024-01-06 14:25:39,1900-01-00 00:00:00,BELL765,0C:AC:8A:A1:96:3D,-45, WPA2 ,0.000000,0.000000,0.000,0.000,AP
2024-01-06 14:25:39,1900-01-00 00:00:00,BELL765,0C:AC:8A:A1:96:3D,-44, WPA2 ,0.000000,0.000000,0.000,0.000,AP
2024-01-06 14:25:39,1900-01-00 00:00:00,BELL765,0C:AC:8A:A1:96:3D,-44, WPA2 ,0.000000,0.000000,0.000,0.000,AP
2024-01-06 14:25:40,1900-01-00 00:00:00,BELL765,0C:AC:8A:A1:96:3D,-45, WPA2 ,0.000000,0.000000,0.000,0.000,AP
2024-01-06 14:25:40,1900-01-00 00:00:00,BELL765,0C:AC:8A:A1:96:3D,-45, WPA2 ,0.000000,0.000000,0.000,0.000,AP
2024-01-06 14:25:40,1900-01-00 00:00:00,BELL765,0C:AC:8A:A1:96:3D,-44, WPA2 ,0.000000,0.000000,0.000,0.000,AP
2024-01-06 14:25:40,1900-01-00 00:00:00,BELL765,0C:AC:8A:A1:96:3D,-44, WPA2 ,0.000000,0.000000,0.000,0.000,AP
2024-01-06 14:25:40,1900-01-00 00:00:00,BELL765,0C:AC:8A:A1:96:3D,-44, WPA2 ,0.000000,0.000000,0.000,0.000,AP
2024-01-06 14:25:40,1900-01-00 00:00:00,BELL765,0C:AC:8A:A1:96:3D,-44, WPA2 ,0.000000,0.000000,0.000,0.000,AP
2024-01-06 14:25:40,1900-01-00 00:00:00,BELL765,0C:AC:8A:A1:96:3D,-43, WPA2 ,0.000000,0.000000,0.000,0.000,AP
2024-01-06 14:25:40,1900-01-00 00:00:00,BELL765,0C:AC:8A:A1:96:3D,-44, WPA2 ,0.000000,0.000000,0.000,0.000,AP
2024-01-06 14:25:40,1900-01-00 00:00:00,BELL765,0C:AC:8A:A1:96:3D,-44, WPA2 ,0.000000,0.000000,0.000,0.000,AP
2024-01-06 14:25:40,1900-01-00 00:00:00,BELL765,0C:AC:8A:A1:96:3D,-44, WPA2 ,0.000000,0.000000,0.000,0.000,AP
2024-01-06 14:25:40,1900-01-00 00:00:00,BELL765,0C:AC:8A:A1:96:3D,-44, WPA2 ,0.000000,0.000000,0.000,0.000,AP
2024-01-06 14:25:40,1900-01-00 00:00:00,BELL765,0C:AC:8A:A1:96:3D,-44, WPA2 ,0.000000,0.000000,0.000,0.000,AP
2024-01-06 14:25:40,1900-01-00 00:00:00,BELL765,0C:AC:8A:A1:96:3D,-44, WPA2 ,0.000000,0.000000,0.000,0.000,AP
2024-01-06 14:25:40,1900-01-00 00:00:00,BELL765,0C:AC:8A:A1:96:3D,-43, WPA2 ,0.000000,0.000000,0.000,0.000,AP
2024-01-06 14:25:41,1900-01-00 00:00:00,BELL765,0C:AC:8A:A1:96:3D,-45, WPA2 ,0.000000,0.000000,0.000,0.000,AP
2024-01-06 14:25:41,1900-01-00 00:00:00,BELL765,0C:AC:8A:A1:96:3D,-47, WPA2 ,0.000000,0.000000,0.000,0.000,AP
2024-01-06 14:25:41,1900-01-00 00:00:00,BELL765,0C:AC:8A:A1:96:3D,-46, WPA2 ,0.000000,0.000000,0.000,0.000,AP
2024-01-06 14:25:41,1900-01-00 00:00:00,BELL765,0C:AC:8A:A1:96:3D,-48, WPA2 ,0.000000,0.000000,0.000,0.000,AP
2024-01-06 14:25:41,1900-01-00 00:00:00,BELL765,0C:AC:8A:A1:96:3D,-47, WPA2 ,0.000000,0.000000,0.000,0.000,AP
2024-01-06 14:25:41,1900-01-00 00:00:00,BELL765,0C:AC:8A:A1:96:3D,-45, WPA2 ,0.000000,0.000000,0.000,0.000,AP
2024-01-06 14:25:41,1900-01-00 00:00:00,BELL765,0C:AC:8A:A1:96:3D,-45, WPA2 ,0.000000,0.000000,0.000,0.000,AP
2024-01-06 14:25:41,1900-01-00 00:00:00,BELL765,0C:AC:8A:A1:96:3D,-44, WPA2 ,0.000000,0.000000,0.000,0.000,AP
2024-01-06 14:25:41,1900-01-00 00:00:00,BELL765,0C:AC:8A:A1:96:3D,-44, WPA2 ,0.000000,0.000000,0.000,0.000,AP
2024-01-06 14:25:41,1900-01-00 00:00:00,BELL765,0C:AC:8A:A1:96:3D,-42, WPA2 ,0.000000,0.000000,0.000,0.000,AP
2024-01-06 14:25:41,1900-01-00 00:00:00,BELL765,0C:AC:8A:A1:96:3D,-43, WPA2 ,0.000000,0.000000,0.000,0.000,AP
2024-01-06 14:25:41,1900-01-00 00:00:00,BELL765,0C:AC:8A:A1:96:3D,-43, WPA2 ,0.000000,0.000000,0.000,0.000,AP
2024-01-06 14:25:42,1900-01-00 00:00:00,BELL765,0C:AC:8A:A1:96:3D,-43, WPA2 ,0.000000,0.000000,0.000,0.000,AP
2024-01-06 14:25:42,1900-01-00 00:00:00,BELL765,0C:AC:8A:A1:96:3D,-44, WPA2 ,0.000000,0.000000,0.000,0.000,AP
2024-01-06 14:25:42,1900-01-00 00:00:00,BELL765,0C:AC:8A:A1:96:3D,-45, WPA2 ,0.000000,0.000000,0.000,0.000,AP
2024-01-06 14:25:42,1900-01-00 00:00:00,BELL765,0C:AC:8A:A1:96:3D,-44, WPA2 ,0.000000,0.000000,0.000,0.000,AP
2024-01-06 14:25:42,1900-01-00 00:00:00,BELL765,0C:AC:8A:A1:96:3D,-44, WPA2 ,0.000000,0.000000,0.000,0.000,AP
2024-01-06 14:25:42,1900-01-00 00:00:00,BELL765,0C:AC:8A:A1:96:3D,-43, WPA2 ,0.000000,0.000000,0.000,0.000,AP
2024-01-06 14:25:42,1900-01-00 00:00:00,BELL765,0C:AC:8A:A1:96:3D,-44, WPA2 ,0.000000,0.000000,0.000,0.000,AP
2024-01-06 14:25:42,1900-01-00 00:00:00,BELL765,0C:AC:8A:A1:96:3D,-45, WPA2 ,0.000000,0.000000,0.000,0.000,AP
2024-01-06 14:25:42,1900-01-00 00:00:00,BELL765,0C:AC:8A:A1:96:3D,-44, WPA2 ,0.000000,0.000000,0.000,0.000,AP
2024-01-06 14:25:42,1900-01-00 00:00:00,BELL765,0C:AC:8A:A1:96:3D,-45, WPA2 ,0.000000,0.000000,0.000,0.000,AP
2024-01-06 14:25:42,1900-01-00 00:00:00,BELL765,0C:AC:8A:A1:96:3D,-43, WPA2 ,0.000000,0.000000,0.000,0.000,AP
2024-01-06 14:25:43,1900-01-00 00:00:00,BELL765,0C:AC:8A:A1:96:3D,-44, WPA2 ,0.000000,0.000000,0.000,0.000,AP
2024-01-06 14:25:43,1900-01-00 00:00:00,BELL765,0C:AC:8A:A1:96:3D,-46, WPA2 ,0.000000,0.000000,0.000,0.000,AP
2024-01-06 14:25:43,1900-01-00 00:00:00,BELL765,0C:AC:8A:A1:96:3D,-44, WPA2 ,0.000000,0.000000,0.000,0.000,AP
2024-01-06 14:25:43,1900-01-00 00:00:00,BELL765,0C:AC:8A:A1:96:3D,-44, WPA2 ,0.000000,0.000000,0.000,0.000,AP
2024-01-06 14:25:43,1900-01-00 00:00:00,BELL765,0C:AC:8A:A1:96:3D,-44, WPA2 ,0.000000,0.000000,0.000,0.000,AP
2024-01-06 14:25:43,1900-01-00 00:00:00,BELL765,0C:AC:8A:A1:96:3D,-46, WPA2 ,0.000000,0.000000,0.000,0.000,AP
2024-01-06 14:25:43,1900-01-00 00:00:00,BELL765,0C:AC:8A:A1:96:3D,-46, WPA2 ,0.000000,0.000000,0.000,0.000,AP
2024-01-06 14:25:43,1900-01-00 00:00:00,BELL765,0C:AC:8A:A1:96:3D,-45, WPA2 ,0.000000,0.000000,0.000,0.000,AP
2024-01-06 14:25:43,1900-01-00 00:00:00,BELL765,0C:AC:8A:A1:96:3D,-45, WPA2 ,0.000000,0.000000,0.000,0.000,AP
2024-01-06 14:25:43,1900-01-00 00:00:00,BELL765,0C:AC:8A:A1:96:3D,-45, WPA2 ,0.000000,0.000000,0.000,0.000,AP
2024-01-06 14:25:43,1900-01-00 00:00:00,BELL765,0C:AC:8A:A1:96:3D,-45, WPA2 ,0.000000,0.000000,0.000,0.000,AP
2024-01-06 14:25:43,1900-01-00 00:00:00,BELL765,0C:AC:8A:A1:96:3D,-46, WPA2 ,0.000000,0.000000,0.000,0.000,AP
2024-01-06 14:25:43,1900-01-00 00:00:00,BELL765,0C:AC:8A:A1:96:3D,-47, WPA2 ,0.000000,0.000000,0.000,0.000,AP
2024-01-06 14:25:43,1900-01-00 00:00:00,BELL765,0C:AC:8A:A1:96:3D,-48, WPA2 ,0.000000,0.000000,0.000,0.000,AP
2024-01-06 14:25:43,1900-01-00 00:00:00,BELL765,0C:AC:8A:A1:96:3D,-47, WPA2 ,0.000000,0.000000,0.000,0.000,AP
2024-01-06 14:25:44,1900-01-00 00:00:00,BELL765,0C:AC:8A:A1:96:3D,-47, WPA2 ,0.000000,0.000000,0.000,0.000,AP
2024-01-06 14:25:44,1900-01-00 00:00:00,BELL765,0C:AC:8A:A1:96:3D,-46, WPA2 ,0.000000,0.000000,0.000,0.000,AP
2024-01-06 14:25:44,1900-01-00 00:00:00,BELL765,0C:AC:8A:A1:96:3D,-46, WPA2 ,0.000000,0.000000,0.000,0.000,AP
2024-01-06 14:25:44,1900-01-00 00:00:00,BELL765,0C:AC:8A:A1:96:3D,-45, WPA2 ,0.000000,0.000000,0.000,0.000,AP
2024-01-06 14:25:44,1900-01-00 00:00:00,BELL765,0C:AC:8A:A1:96:3D,-46, WPA2 ,0.000000,0.000000,0.000,0.000,AP
2024-01-06 14:25:44,1900-01-00 00:00:00,BELL765,0C:AC:8A:A1:96:3D,-46, WPA2 ,0.000000,0.000000,0.000,0.000,AP
2024-01-06 14:25:44,1900-01-00 00:00:00,BELL765,0C:AC:8A:A1:96:3D,-46, WPA2 ,0.000000,0.000000,0.000,0.000,AP
2024-01-06 14:25:44,1900-01-00 00:00:00,BELL765,0C:AC:8A:A1:96:3D,-45, WPA2 ,0.000000,0.000000,0.000,0.000,AP
2024-01-06 14:25:44,1900-01-00 00:00:00,BELL765,0C:AC:8A:A1:96:3D,-46, WPA2 ,0.000000,0.000000,0.000,0.000,AP
2024-01-06 14:25:44,1900-01-00 00:00:00,BELL765,0C:AC:8A:A1:96:3D,-47, WPA2 ,0.000000,0.000000,0.000,0.000,AP
2024-01-06 14:25:45,1900-01-00 00:00:00,BELL765,0C:AC:8A:A1:96:3D,-47, WPA2 ,0.000000,0.000000,0.000,0.000,AP
2024-01-06 14:25:45,1900-01-00 00:00:00,BELL765,0C:AC:8A:A1:96:3D,-48, WPA2 ,0.000000,0.000000,0.000,0.000,AP
2024-01-06 14:25:45,1900-01-00 00:00:00,BELL765,0C:AC:8A:A1:96:3D,-48, WPA2 ,0.000000,0.000000,0.000,0.000,AP
2024-01-06 14:25:45,1900-01-00 00:00:00,BELL765,0C:AC:8A:A1:96:3D,-48, WPA2 ,0.000000,0.000000,0.000,0.000,AP
2024-01-06 14:25:45,1900-01-00 00:00:00,BELL765,0C:AC:8A:A1:96:3D,-47, WPA2 ,0.000000,0.000000,0.000,0.000,AP
2024-01-06 14:25:45,1900-01-00 00:00:00,BELL765,0C:AC:8A:A1:96:3D,-45, WPA2 ,0.000000,0.000000,0.000,0.000,AP
2024-01-06 14:25:45,1900-01-00 00:00:00,BELL765,0C:AC:8A:A1:96:3D,-46, WPA2 ,0.000000,0.000000,0.000,0.000,AP
2024-01-06 14:25:45,1900-01-00 00:00:00,BELL765,0C:AC:8A:A1:96:3D,-47, WPA2 ,0.000000,0.000000,0.000,0.000,AP
2024-01-06 14:25:45,1900-01-00 00:00:00,BELL765,0C:AC:8A:A1:96:3D,-47, WPA2 ,0.000000,0.000000,0.000,0.000,AP
2024-01-06 14:25:45,1900-01-00 00:00:00,BELL765,0C:AC:8A:A1:96:3D,-48, WPA2 ,0.000000,0.000000,0.000,0.000,AP
2024-01-06 14:25:45,1900-01-00 00:00:00,BELL765,0C:AC:8A:A1:96:3D,-46, WPA2 ,0.000000,0.000000,0.000,0.000,AP
2024-01-06 14:25:45,1900-01-00 00:00:00,BELL765,0C:AC:8A:A1:96:3D,-47, WPA2 ,0.000000,0.000000,0.000,0.000,AP
2024-01-06 14:25:46,1900-01-00 00:00:00,BELL765,0C:AC:8A:A1:96:3D,-47, WPA2 ,0.000000,0.000000,0.000,0.000,AP
2024-01-06 14:25:46,1900-01-00 00:00:00,BELL765,0C:AC:8A:A1:96:3D,-46, WPA2 ,0.000000,0.000000,0.000,0.000,AP
2024-01-06 14:25:46,1900-01-00 00:00:00,BELL765,0C:AC:8A:A1:96:3D,-46, WPA2 ,0.000000,0.000000,0.000,0.000,AP
2024-01-06 14:25:46,1900-01-00 00:00:00,BELL765,0C:AC:8A:A1:96:3D,-46, WPA2 ,0.000000,0.000000,0.000,0.000,AP
2024-01-06 14:25:46,1900-01-00 00:00:00,BELL765,0C:AC:8A:A1:96:3D,-48, WPA2 ,0.000000,0.000000,0.000,0.000,AP
2024-01-06 14:25:46,1900-01-00 00:00:00,BELL765,0C:AC:8A:A1:96:3D,-46, WPA2 ,0.000000,0.000000,0.000,0.000,AP
2024-01-06 14:25:46,1900-01-00 00:00:00,BELL765,0C:AC:8A:A1:96:3D,-46, WPA2 ,0.000000,0.000000,0.000,0.000,AP
2024-01-06 14:25:46,1900-01-00 00:00:00,BELL765,0C:AC:8A:A1:96:3D,-46, WPA2 ,0.000000,0.000000,0.000,0.000,AP
2024-01-06 14:25:46,1900-01-00 00:00:00,BELL765,0C:AC:8A:A1:96:3D,-45, WPA2 ,0.000000,0.000000,0.000,0.000,AP
2024-01-06 14:25:46,1900-01-00 00:00:00,BELL765,0C:AC:8A:A1:96:3D,-45, WPA2 ,0.000000,0.000000,0.000,0.000,AP
2024-01-06 14:25:46,1900-01-00 00:00:00,BELL765,0C:AC:8A:A1:96:3D,-47, WPA2 ,0.000000,0.000000,0.000,0.000,AP
2024-01-06 14:25:46,1900-01-00 00:00:00,BELL765,0C:AC:8A:A1:96:3D,-45, WPA2 ,0.000000,0.000000,0.000,0.000,AP
2024-01-06 14:25:46,1900-01-00 00:00:00,BELL765,0C:AC:8A:A1:96:3D,-45, WPA2 ,0.000000,0.000000,0.000,0.000,AP
2024-01-06 14:25:46,1900-01-00 00:00:00,BELL765,0C:AC:8A:A1:96:3D,-46, WPA2 ,0.000000,0.000000,0.000,0.000,AP
2024-01-06 14:25:46,1900-01-00 00:00:00,BELL765,0C:AC:8A:A1:96:3D,-45, WPA2 ,0.000000,0.000000,0.000,0.000,AP
2024-01-06 14:25:46,1900-01-00 00:00:00,BELL765,0C:AC:8A:A1:96:3D,-47, WPA2 ,0.000000,0.000000,0.000,0.000,AP
2024-01-06 14:25:46,1900-01-00 00:00:00,BELL765,0C:AC:8A:A1:96:3D,-50, WPA2 ,0.000000,0.000000,0.000,0.000,AP
2024-01-06 14:25:46,1900-01-00 00:00:00,BELL765,0C:AC:8A:A1:96:3D,-47, WPA2 ,0.000000,0.000000,0.000,0.000,AP
2024-01-06 14:25:46,1900-01-00 00:00:00,BELL765,0C:AC:8A:A1:96:3D,-47, WPA2 ,0.000000,0.000000,0.000,0.000,AP
2024-01-06 14:25:47,1900-01-00 00:00:00,BELL765,0C:AC:8A:A1:96:3D,-47, WPA2 ,0.000000,0.000000,0.000,0.000,AP
2024-01-06 14:25:47,1900-01-00 00:00:00,BELL765,0C:AC:8A:A1:96:3D,-47, WPA2 ,0.000000,0.000000,0.000,0.000,AP
2024-01-06 14:25:47,1900-01-00 00:00:00,BELL765,0C:AC:8A:A1:96:3D,-47, WPA2 ,0.000000,0.000000,0.000,0.000,AP
2024-01-06 14:25:47,1900-01-00 00:00:00,BELL765,0C:AC:8A:A1:96:3D,-45, WPA2 ,0.000000,0.000000,0.000,0.000,AP
2024-01-06 14:25:47,1900-01-00 00:00:00,BELL765,0C:AC:8A:A1:96:3D,-44, WPA2 ,0.000000,0.000000,0.000,0.000,AP
2024-01-06 14:25:47,1900-01-00 00:00:00,BELL765,0C:AC:8A:A1:96:3D,-44, WPA2 ,0.000000,0.000000,0.000,0.000,AP
2024-01-06 14:25:47,1900-01-00 00:00:00,BELL765,0C:AC:8A:A1:96:3D,-45, WPA2 ,0.000000,0.000000,0.000,0.000,AP
2024-01-06 14:25:47,1900-01-00 00:00:00,BELL765,0C:AC:8A:A1:96:3D,-44, WPA2 ,0.000000,0.000000,0.000,0.000,AP
2024-01-06 14:25:47,1900-01-00 00:00:00,BELL765,0C:AC:8A:A1:96:3D,-44, WPA2 ,0.000000,0.000000,0.000,0.000,AP
2024-01-06 14:25:47,1900-01-00 00:00:00,BELL765,0C:AC:8A:A1:96:3D,-45, WPA2 ,0.000000,0.000000,0.000,0.000,AP
2024-01-06 14:25:47,1900-01-00 00:00:00,BELL765,0C:AC:8A:A1:96:3D,-43, WPA2 ,0.000000,0.000000,0.000,0.000,AP
2024-01-06 14:25:47,1900-01-00 00:00:00,BELL765,0C:AC:8A:A1:96:3D,-45, WPA2 ,0.000000,0.000000,0.000,0.000,AP
2024-01-06 14:25:47,1900-01-00 00:00:00,BELL765,0C:AC:8A:A1:96:3D,-45, WPA2 ,0.000000,0.000000,0.000,0.000,AP
2024-01-06 14:25:48,1900-01-00 00:00:00,BELL765,0C:AC:8A:A1:96:3D,-44, WPA2 ,0.000000,0.000000,0.000,0.000,AP
2024-01-06 14:25:48,1900-01-00 00:00:00,BELL765,0C:AC:8A:A1:96:3D,-44, WPA2 ,0.000000,0.000000,0.000,0.000,AP
2024-01-06 14:25:48,1900-01-00 00:00:00,BELL765,0C:AC:8A:A1:96:3D,-43, WPA2 ,0.000000,0.000000,0.000,0.000,AP
2024-01-06 14:25:48,1900-01-00 00:00:00,BELL765,0C:AC:8A:A1:96:3D,-44, WPA2 ,0.000000,0.000000,0.000,0.000,AP
2024-01-06 14:25:48,1900-01-00 00:00:00,BELL765,0C:AC:8A:A1:96:3D,-44, WPA2 ,0.000000,0.000000,0.000,0.000,AP
2024-01-06 14:25:48,1900-01-00 00:00:00,BELL765,0C:AC:8A:A1:96:3D,-44, WPA2 ,0.000000,0.000000,0.000,0.000,AP
2024-01-06 14:25:48,1900-01-00 00:00:00,BELL765,0C:AC:8A:A1:96:3D,-45, WPA2 ,0.000000,0.000000,0.000,0.000,AP
2024-01-06 14:25:48,1900-01-00 00:00:00,BELL765,0C:AC:8A:A1:96:3D,-45, WPA2 ,0.000000,0.000000,0.000,0.000,AP
2024-01-06 14:25:48,1900-01-00 00:00:00,BELL765,0C:AC:8A:A1:96:3D,-44, WPA2 ,0.000000,0.000000,0.000,0.000,AP
2024-01-06 14:25:48,1900-01-00 00:00:00,BELL765,0C:AC:8A:A1:96:3D,-43, WPA2 ,0.000000,0.000000,0.000,0.000,AP
2024-01-06 14:25:49,1900-01-00 00:00:00,BELL765,0C:AC:8A:A1:96:3D,-43, WPA2 ,0.000000,0.000000,0.000,0.000,AP
2024-01-06 14:25:49,1900-01-00 00:00:00,BELL765,0C:AC:8A:A1:96:3D,-43, WPA2 ,0.000000,0.000000,0.000,0.000,AP
2024-01-06 14:25:49,1900-01-00 00:00:00,BELL765,0C:AC:8A:A1:96:3D,-43, WPA2 ,0.000000,0.000000,0.000,0.000,AP
2024-01-06 14:25:49,1900-01-00 00:00:00,BELL765,0C:AC:8A:A1:96:3D,-43, WPA2 ,0.000000,0.000000,0.000,0.000,AP
2024-01-06 14:25:49,1900-01-00 00:00:00,BELL765,0C:AC:8A:A1:96:3D,-45, WPA2 ,0.000000,0.000000,0.000,0.000,AP
2024-01-06 14:25:49,1900-01-00 00:00:00,BELL765,0C:AC:8A:A1:96:3D,-44, WPA2 ,0.000000,0.000000,0.000,0.000,AP
2024-01-06 14:25:49,1900-01-00 00:00:00,BELL765,0C:AC:8A:A1:96:3D,-44, WPA2 ,0.000000,0.000000,0.000,0.000,AP
2024-01-06 14:25:49,1900-01-00 00:00:00,BELL765,0C:AC:8A:A1:96:3D,-44, WPA2 ,0.000000,0.000000,0.000,0.000,AP
2024-01-06 14:25:49,1900-01-00 00:00:00,BELL765,0C:AC:8A:A1:96:3D,-42, WPA2 ,0.000000,0.000000,0.000,0.000,AP
2024-01-06 14:25:49,1900-01-00 00:00:00,BELL765,0C:AC:8A:A1:96:3D,-44, WPA2 ,0.000000,0.000000,0.000,0.000,AP
2024-01-06 14:25:49,1900-01-00 00:00:00,BELL765,0C:AC:8A:A1:96:3D,-47, WPA2 ,0.000000,0.000000,0.000,0.000,AP
2024-01-06 14:25:49,1900-01-00 00:00:00,BELL765,0C:AC:8A:A1:96:3D,-47, WPA2 ,0.000000,0.000000,0.000,0.000,AP
2024-01-06 14:25:49,1900-01-00 00:00:00,BELL765,0C:AC:8A:A1:96:3D,-48, WPA2 ,0.000000,0.000000,0.000,0.000,AP
2024-01-06 14:25:49,1900-01-00 00:00:00,BELL765,0C:AC:8A:A1:96:3D,-48, WPA2 ,0.000000,0.000000,0.000,0.000,AP
2024-01-06 14:25:50,1900-01-00 00:00:00,BELL765,0C:AC:8A:A1:96:3D,-49, WPA2 ,0.000000,0.000000,0.000,0.000,AP
2024-01-06 14:25:50,1900-01-00 00:00:00,BELL765,0C:AC:8A:A1:96:3D,-49, WPA2 ,0.000000,0.000000,0.000,0.000,AP
2024-01-06 14:25:50,1900-01-00 00:00:00,BELL765,0C:AC:8A:A1:96:3D,-49, WPA2 ,0.000000,0.000000,0.000,0.000,AP
2024-01-06 14:25:50,1900-01-00 00:00:00,BELL765,0C:AC:8A:A1:96:3D,-48, WPA2 ,0.000000,0.000000,0.000,0.000,AP
2024-01-06 14:25:50,1900-01-00 00:00:00,BELL765,0C:AC:8A:A1:96:3D,-49, WPA2 ,0.000000,0.000000,0.000,0.000,AP
2024-01-06 14:25:50,1900-01-00 00:00:00,BELL765,0C:AC:8A:A1:96:3D,-49, WPA2 ,0.000000,0.000000,0.000,0.000,AP
2024-01-06 14:25:50,1900-01-00 00:00:00,BELL765,0C:AC:8A:A1:96:3D,-49, WPA2 ,0.000000,0.000000,0.000,0.000,AP
2024-01-06 14:25:50,1900-01-00 00:00:00,BELL765,0C:AC:8A:A1:96:3D,-50, WPA2 ,0.000000,0.000000,0.000,0.000,AP
2024-01-06 14:25:50,1900-01-00 00:00:00,BELL765,0C:AC:8A:A1:96:3D,-50, WPA2 ,0.000000,0.000000,0.000,0.000,AP
2024-01-06 14:25:50,1900-01-00 00:00:00,BELL765,0C:AC:8A:A1:96:3D,-51, WPA2 ,0.000000,0.000000,0.000,0.000,AP
2024-01-06 14:25:50,1900-01-00 00:00:00,BELL765,0C:AC:8A:A1:96:3D,-50, WPA2 ,0.000000,0.000000,0.000,0.000,AP
